#MYSQL Queries to reset demo account to default data
#Run as a cron every hour

###### GBC Supply Chain Demo Account ######
#---- Start Deleting the Data ---- 

#Delete the client_checklist_permission from the client_checklist
DELETE FROM `greenbiz_checklist`.`client_checklist_permission` WHERE `client_checklist_id` IN ('6806', '6807', '7313', '7314', '7315', '7316', '7317');

#Delete the clent_checklist_score from the client_checklist
DELETE FROM `greenbiz_checklist`.`client_checklist_score` WHERE `client_checklist_id` IN ('6806', '6807', '7313', '7314', '7315', '7316', '7317');

#Delete the client_commitment from the client_checklist
DELETE FROM `greenbiz_checklist`.`client_commitment` WHERE `client_checklist_id` IN ('6806', '6807', '7313', '7314', '7315', '7316', '7317');

#Delete the client_metric from the client_checklist
DELETE FROM `greenbiz_checklist`.`client_metric` WHERE `client_checklist_id` IN ('6806', '6807', '7313', '7314', '7315', '7316', '7317');

#Delete the client_page_note from the client_checklist
DELETE FROM `greenbiz_checklist`.`client_page_note` WHERE `client_checklist_id` IN ('6806', '6807', '7313', '7314', '7315', '7316', '7317');

#Delete the client_result from the client_checklist
DELETE FROM `greenbiz_checklist`.`client_result` WHERE `client_checklist_id` IN ('6806', '6807', '7313', '7314', '7315', '7316', '7317');

#Delete the owner_2_action from the client_checklist
DELETE FROM `greenbiz_checklist`.`client_site` WHERE `client_checklist_id` IN ('6806', '6807', '7313', '7314', '7315', '7316', '7317');

#Delete the client_site_result from the client_checklist
DELETE FROM `greenbiz_checklist`.`client_site_result` WHERE `client_checklist_id` IN ('6806', '6807', '7313', '7314', '7315', '7316', '7317');

#Delete the owner_2_action from the client_checklist
DELETE FROM `greenbiz_checklist`.`owner_2_action` WHERE `client_checklist_id` IN ('6806', '6807', '7313', '7314', '7315', '7316', '7317');

#Delete the audit from the account
DELETE FROM `greenbiz_audit`.`audit` WHERE `client_checklist_id` IN ('6806', '6807', '7313', '7314', '7315', '7316', '7317');

#Delete the document_2_client_checklist from the account
DELETE FROM `greenbiz_audit`.`document_2_client_checklist` WHERE `client_checklist_id` IN ('6806', '6807', '7313', '7314', '7315', '7316', '7317');

#Delete the client_checklist from the client_checklist
DELETE FROM `greenbiz_checklist`.`client_checklist` WHERE `client_id` = '4197';

#Delete the transaction from the account
DELETE FROM `greenbiz_pos`.`transaction` WHERE `client_id` = '4197';

#Delete the invoice from the account
DELETE FROM `greenbiz_pos`.`invoice` WHERE `client_id` = '4197';

#Delete the client_contacts from the account
DELETE FROM `greenbiz_core`.`client_contact` WHERE `client_id` = '4197';

#Delete the client account
DELETE FROM `greenbiz_core`.`client` WHERE `client_id` = '4197';

#Delete the client_contact_2_dashboard
DELETE FROM `greenbiz_dashboard`.`client_contact_2_dashboard` WHERE `client_contact_id` IN ('4338');



#---- Start Inserting the Data ---- 

#Insert the values into the greenbiz_core.client table
INSERT INTO `greenbiz_core`.`client` (`client_id`, `client_type_id`, `affiliate_id`, `consultant_id`, `associate_id`, `parent_id`, `associate_account_id`, `city_id`, `account_no`, `source`, `registered`, `username`, `password`, `company_name`, `department`, `address_line_1`, `address_line_2`, `suburb`, `state`, `postcode`, `country`, `industry`, `tmp_prospect_id`, `show_in_contact_us`, `temp_partner_url`, `refered_from`, `parent_company_id`, `nswbc_preferred_time`, `referer_url`, `complimentary_consult`, `business_owner_view_id`, `membership_number`, `anzsic_id`, `existing_business_owner_id`, `distributor_id`)
VALUES ('4197', '1', NULL, NULL, NULL, NULL, NULL, NULL, '2015051500041977', 'web', '2015-05-15 08:53:19', '', '', 'Demo Account', NULL, '1 Queen Street', '', 'Brisbane', 'QLD', '4000', 'Australia', NULL, '0', '1', 'www.greenbizcheck.com', '', NULL, '', 'https://www.greenbizcheck.com/fact-sheets/recycled-paper/%29', '0', '1', '', '0', NULL, NULL);

#Insert the client_contacts into the client account
INSERT INTO `greenbiz_core`.`client_contact` (`client_contact_id`, `client_id`, `is_client_admin`, `sequence`, `salutation`, `firstname`, `lastname`, `position`, `email`, `password`, `phone`, `send_auto_emails`, `display_contact_photo`, `url`, `description`, `encrypted`, `locked_out`, `locked_out_expiry`)
VALUES ('4338', '4197', '1', '0', '', 'Demo', 'Account', '', 'demo@greenbizcheck.com', '$2a$08$.HymdU6MSkXk17jTOXoDcOQWGfvYdcVxQxsO3iIVerMa7OEjQJAna', '', '1', '1', NULL, NULL, '0', '0', NULL);

#Insert the values into the client_contact_2_dashboard
INSERT INTO `greenbiz_dashboard`.`client_contact_2_dashboard` (`client_contact_id`, `dashboard_group_id`, `dashboard_role_id`)
VALUES ('4338', '10', '3');


#Insert the values into the client_checklist
INSERT INTO `greenbiz_checklist`.`client_checklist` (`client_checklist_id`, `checklist_id`, `checklist_variation_id`, `client_id`, `name`, `progress`, `initial_score`, `current_score`, `created`, `completed`, `expires`, `audit_required`, `fail_points`, `status`)
VALUES ('6806', '101', '0', '4197', 'Supply Chain Management Platform', '100', '0.367965', '0.678862', '2015-05-15 08:56:58', '2015-05-15 09:04:21', NULL, '0', '0', '2'),
('6807', '101', '0', '4197', 'Supply Chain Management Platform', '54', NULL, NULL, '2015-05-15 08:57:20', NULL, NULL, '0', '0', '1'),
('7313', '118', NULL, '4197', 'GHG Concept', '100', '0', '0', '2015-11-13 08:11:52', '2015-11-13 08:23:30', NULL, '0', '0', '4'),
('7314', '118', NULL, '4197', 'GHG Concept', '100', '0', '0', '2015-11-13 08:23:35', '2015-11-13 08:24:14', NULL, '0', '0', '4'),
('7315', '118', NULL, '4197', 'GHG Concept', '100', '0', '0', '2015-11-13 08:24:21', '2015-11-13 08:25:17', NULL, '0', '0', '4'),
('7316', '118', NULL, '4197', 'GHG Concept', '100', '0', '0', '2015-11-13 08:25:31', '2015-11-13 08:26:34', NULL, '0', '0', '4'),
('7317', '118', NULL, '4197', 'GHG Concept', '100', '0', '0', '2015-11-13 08:27:06', '2015-11-13 08:27:53', NULL, '0', '0', '4');


#Insert the values into client_checklist_score
INSERT INTO `greenbiz_checklist`.`client_checklist_score` (`client_checklist_score_id`, `client_checklist_id`, `timestamp`, `score`)
VALUES('41973', '6806', '2015-05-15 09:04:21', '0.367965'),
('41974', '6806', '2015-05-15 09:05:18', '0.385281'),
('41975', '6806', '2015-05-15 09:05:27', '0.402597'),
('41976', '6806', '2015-05-15 09:05:35', '0.419913'),
('41977', '6806', '2015-05-15 09:05:43', '0.437229'),
('41978', '6806', '2015-05-15 09:05:51', '0.454545'),
('41979', '6806', '2015-05-15 09:06:26', '0.471861'),
('41980', '6806', '2015-05-15 09:06:40', '0.489177'),
('41981', '6806', '2015-05-15 09:06:50', '0.506494'),
('41982', '6806', '2015-05-15 09:07:01', '0.52381'),
('41983', '6806', '2015-05-15 09:07:06', '0.541126'),
('41984', '6806', '2015-05-15 09:07:15', '0.558442'),
('41985', '6806', '2015-05-15 09:07:23', '0.575758'),
('41986', '6806', '2015-05-15 09:07:29', '0.593074'),
('41987', '6806', '2015-05-15 09:07:38', '0.61039'),
('41988', '6806', '2015-05-15 09:07:46', '0.627706'),
('41989', '6806', '2015-05-15 09:07:52', '0.645022'),
('41990', '6806', '2015-05-15 09:08:01', '0.662338'),
('41991', '6806', '2015-05-15 09:08:07', '0.679654'),
('41992', '6806', '2015-05-15 09:08:37', '0.69697'),
('41993', '6806', '2015-05-15 09:09:20', '0.714286'),
('41994', '6806', '2015-05-15 09:10:23', '0.714286'),
('47089', '6806', '2016-09-15 14:13:37', '0.678862'),
('43939','7313','2015-11-13 08:23:30','0'),
('43940','7313','2015-11-13 08:23:35','0'),
('43941','7313','2015-11-13 08:24:14','0'),
('43943','7313','2015-11-13 08:24:21','0'),
('43945','7313','2015-11-13 08:25:17','0'),
('43948','7313','2015-11-13 08:25:31','0'),
('43951','7313','2015-11-13 08:26:27','0'),
('43954','7313','2015-11-13 08:26:34','0'),
('43958','7313','2015-11-13 08:26:57','0'),
('43962','7313','2015-11-13 08:27:07','0'),
('43966','7313','2015-11-13 08:27:53','0'),
('43942','7314','2015-11-13 08:24:14','0'),
('43944','7314','2015-11-13 08:24:21','0'),
('43946','7314','2015-11-13 08:25:17','0'),
('43949','7314','2015-11-13 08:25:31','0'),
('43952','7314','2015-11-13 08:26:27','0'),
('43955','7314','2015-11-13 08:26:34','0'),
('43959','7314','2015-11-13 08:26:57','0'),
('43963','7314','2015-11-13 08:27:07','0'),
('43967','7314','2015-11-13 08:27:53','0'),
('43947','7315','2015-11-13 08:25:17','0'),
('43950','7315','2015-11-13 08:25:31','0'),
('43953','7315','2015-11-13 08:26:27','0'),
('43956','7315','2015-11-13 08:26:34','0'),
('43960','7315','2015-11-13 08:26:57','0'),
('43964','7315','2015-11-13 08:27:07','0'),
('43968','7315','2015-11-13 08:27:53','0'),
('43957','7316','2015-11-13 08:26:34','0'),
('43961','7316','2015-11-13 08:26:57','0'),
('43965','7316','2015-11-13 08:27:07','0'),
('43969','7316','2015-11-13 08:27:53','0'),
('43970','7317','2015-11-13 08:27:53','0');

#Insert the values into client_commitment
INSERT INTO `greenbiz_checklist`.`client_commitment` (`client_commitment_id`, `client_checklist_id`, `action_id`, `commitment_id`, `timestamp`)
VALUES('1176580', '6806', '9269', '0', '2015-05-15 09:09:19'),
('1176588', '6806', '9270', '0', '2015-05-15 09:09:19'),
('1176589', '6806', '9271', '0', '2015-05-15 09:09:19'),
('1176581', '6806', '9273', '0', '2015-05-15 09:09:19'),
('1176464', '6806', '9274', '11641', '2015-05-15 09:07:38'),
('1176437', '6806', '9283', '11658', '2015-05-15 09:07:29'),
('1176411', '6806', '9287', '11666', '2015-05-15 09:07:22'),
('1176119', '6806', '9288', '11667', '2015-05-15 09:05:35'),
('1176154', '6806', '9290', '11669', '2015-05-15 09:05:42'),
('1176578', '6806', '9291', '11670', '2015-05-15 09:09:19'),
('1176083', '6806', '9293', '11673', '2015-05-15 09:05:27'),
('1176590', '6806', '9296', '0', '2015-05-15 09:09:19'),
('1176321', '6806', '9303', '11683', '2015-05-15 09:07:00'),
('1176591', '6806', '9306', '0', '2015-05-15 09:09:19'),
('1176579', '6806', '9308', '0', '2015-05-15 09:09:19'),
('1176587', '6806', '9309', '0', '2015-05-15 09:09:19'),
('1176046', '6806', '9313', '11691', '2015-05-15 09:05:18'),
('1176192', '6806', '9323', '11700', '2015-05-15 09:05:51'),
('1176225', '6806', '9324', '11701', '2015-05-15 09:06:26'),
('1176257', '6806', '9328', '11705', '2015-05-15 09:06:40'),
('1176288', '6806', '9329', '11706', '2015-05-15 09:06:50'),
('1176582', '6806', '9330', '0', '2015-05-15 09:09:19'),
('1176583', '6806', '9331', '0', '2015-05-15 09:09:19'),
('1176584', '6806', '9333', '0', '2015-05-15 09:09:19'),
('1176350', '6806', '9336', '11713', '2015-05-15 09:07:06'),
('1176566', '6806', '9337', '11714', '2015-05-15 09:08:36'),
('1176585', '6806', '9338', '0', '2015-05-15 09:09:19'),
('1176586', '6806', '9339', '0', '2015-05-15 09:09:19'),
('1176382', '6806', '9340', '11717', '2015-05-15 09:07:14'),
('1176535', '6806', '9343', '11720', '2015-05-15 09:08:00'),
('1176556', '6806', '9344', '11723', '2015-05-15 09:08:07'),
('1176594', '6806', '9346', '0', '2015-05-15 09:09:19'),
('1176595', '6806', '9347', '0', '2015-05-15 09:09:19'),
('1176488', '6806', '9350', '11727', '2015-05-15 09:07:46'),
('1176511', '6806', '9351', '11728', '2015-05-15 09:07:51'),
('1176592', '6806', '9352', '0', '2015-05-15 09:09:19'),
('1176593', '6806', '9353', '0', '2015-05-15 09:09:19');

#Insert the values into client_page_note
INSERT INTO `greenbiz_checklist`.`client_page_note` (`client_page_note_id`, `client_checklist_id`, `page_id`, `note`)
VALUES('48528', '6806', '1989', ''),
('48536', '6806', '1994', ''),
('48537', '6806', '1995', ''),
('48524', '6806', '1996', ''),
('48527', '6806', '1997', ''),
('48534', '6806', '2000', ''),
('48521', '6806', '2006', ''),
('48523', '6806', '2011', ''),
('48525', '6806', '2021', ''),
('48531', '6806', '2022', ''),
('48533', '6806', '2023', ''),
('48535', '6806', '2024', ''),
('48530', '6806', '2025', ''),
('48529', '6806', '2027', ''),
('48532', '6806', '2028', ''),
('48526', '6806', '2029', ''),
('48522', '6806', '2030', ''),
('48541', '6807', '1996', ''),
('48544', '6807', '1997', ''),
('48538', '6807', '2006', ''),
('48540', '6807', '2011', ''),
('48542', '6807', '2021', ''),
('48543', '6807', '2029', ''),
('48539', '6807', '2030', '');


#Insert the values into the client_result page
INSERT INTO `greenbiz_checklist`.`client_result` (`client_result_id`, `client_checklist_id`, `question_id`, `answer_id`, `timestamp`, `arbitrary_value`)
VALUES
('357310','6806','10673','24784','2015-05-15 09:00:26',''),
('357311','6806','10732','25019','2015-05-15 09:00:26',''),
('357312','6806','10620','24544','2015-05-15 09:00:31',''),
('357313','6806','10621','24552','2015-05-15 09:00:31',''),
('357314','6806','10712','24913','2015-05-15 09:00:41',''),
('357315','6806','10713','24921','2015-05-15 09:00:41',''),
('357316','6806','10714','24929','2015-05-15 09:00:41',''),
('357317','6806','10715','24937','2015-05-15 09:00:41',''),
('357318','6806','10716','24945','2015-05-15 09:00:41',''),
('357319','6806','10717','24953','2015-05-15 09:00:41',''),
('357320','6806','10718','24961','2015-05-15 09:00:41',''),
('357321','6806','10719','24967','2015-05-15 09:00:41',''),
('357322','6806','10652','24735','2015-05-15 09:00:53',''),
('357323','6806','10678','24797','2015-05-15 09:00:53',''),
('357324','6806','10615','24510','2015-05-15 09:00:53',''),
('357325','6806','10653','24738','2015-05-15 09:00:53',''),
('357326','6806','10654','24739','2015-05-15 09:00:53',''),
('357327','6806','10736','25028','2015-05-15 09:00:53',''),
('357328','6806','10622','24558','2015-05-15 09:01:03',''),
('357329','6806','10623','24566','2015-05-15 09:01:03',''),
('357330','6806','10624','24574','2015-05-15 09:01:03',''),
('357331','6806','10625','24582','2015-05-15 09:01:03',''),
('357332','6806','10626','24590','2015-05-15 09:01:03',''),
('357333','6806','10627','24598','2015-05-15 09:01:03',''),
('357334','6806','10666','24764','2015-05-15 09:01:20','6806-24764.pdf'),
('357335','6806','10655','24743','2015-05-15 09:01:32',''),
('357336','6806','10604','24482','2015-05-15 09:01:32',''),
('357337','6806','10611','24498','2015-05-15 09:01:32',''),
('357338','6806','10606','24486','2015-05-15 09:01:32',''),
('357339','6806','10608','24492','2015-05-15 09:01:32',''),
('357340','6806','10646','24741','2015-05-15 09:01:32',''),
('357341','6806','10632','24628','2015-05-15 09:01:42',''),
('357342','6806','10630','24615','2015-05-15 09:01:42',''),
('357343','6806','10628','24602','2015-05-15 09:01:42',''),
('357344','6806','10629','24610','2015-05-15 09:01:42',''),
('357345','6806','10631','24625','2015-05-15 09:01:42',''),
('357346','6806','10634','24647','2015-05-15 09:01:42',''),
('357347','6806','10633','24641','2015-05-15 09:01:42',''),
('357348','6806','10612','24719','2015-05-15 09:02:06','Risk 1'),
('357349','6806','10612','24720','2015-05-15 09:02:06','Opportunity 1'),
('357350','6806','10665','24762','2015-05-15 09:02:06',''),
('357351','6806','10614','24504','2015-05-15 09:02:20',''),
('357352','6806','10656','24746','2015-05-15 09:02:20',''),
('357353','6806','10669','24768','2015-05-15 09:02:20',''),
('357354','6806','10670','24771','2015-05-15 09:02:20',''),
('357355','6806','10607','24488','2015-05-15 09:02:20',''),
('357356','6806','10647','24726','2015-05-15 09:02:20',''),
('357357','6806','10635','24649','2015-05-15 09:02:31',''),
('357358','6806','10722','24977','2015-05-15 09:02:31',''),
('357359','6806','10721','24971','2015-05-15 09:02:31',''),
('357360','6806','10723','24986','2015-05-15 09:02:31',''),
('357361','6806','10636','24660','2015-05-15 09:02:31',''),
('357362','6806','10720','25013','2015-05-15 09:02:50',''),
('357363','6806','10637','24663','2015-05-15 09:03:02',''),
('357364','6806','10638','24671','2015-05-15 09:03:02',''),
('357365','6806','10639','24679','2015-05-15 09:03:02',''),
('357366','6806','10640','24687','2015-05-15 09:03:02',''),
('357367','6806','10641','24695','2015-05-15 09:03:02',''),
('357368','6806','10725','25002','2015-05-15 09:03:02',''),
('357369','6806','10724','24996','2015-05-15 09:03:02',''),
('494188','6806','13369','31975','2016-09-15 11:55:16',''),
('494189','6806','13372','31987','2016-09-15 11:55:16',''),
('494190','6806','13374','31992','2016-09-15 11:55:16','None to date'),
('494191','6806','13375','31994','2016-09-15 11:55:16','Emergency Policies'),
('494192','6806','13376','31995','2016-09-15 11:55:36',''),
('494193','6806','13376','31997','2016-09-15 11:55:36',''),
('494194','6806','13376','32231','2016-09-15 11:55:36',''),
('494195','6806','13376','32235','2016-09-15 11:55:36',''),
('494196','6806','13378','31998','2016-09-15 11:55:36','Labour'),
('494197','6806','13384','32002','2016-09-15 11:55:36',''),
('494198','6806','13481','32257','2016-09-15 11:56:07',''),
('494199','6806','13482','32259','2016-09-15 11:56:07',''),
('494200','6806','13483','32261','2016-09-15 11:56:07',''),
('494201','6806','13487','32269','2016-09-15 11:56:07',''),
('494202','6806','13488','32273','2016-09-15 11:56:07',''),
('494203','6806','13484','32263','2016-09-15 11:56:07',''),
('494204','6806','13485','32265','2016-09-15 11:56:07',''),
('494205','6806','13489','32271','2016-09-15 11:56:07',''),
('494206','6806','13486','32267','2016-09-15 11:56:07',''),
('494207','6806','13433','32276','2016-09-15 11:56:34',''),
('494208','6806','13434','32278','2016-09-15 11:56:34',''),
('494209','6806','13435','32280','2016-09-15 11:56:34',''),
('494210','6806','13436','32282','2016-09-15 11:56:34',''),
('494211','6806','13437','32285','2016-09-15 11:56:34',''),
('494212','6806','13438','32286','2016-09-15 11:56:34',''),
('494213','6806','13440','32289','2016-09-15 11:56:34',''),
('494214','6806','13441','32290','2016-09-15 11:56:34',''),
('494215','6806','13442','32293','2016-09-15 11:56:34',''),
('494216','6806','13443','32295','2016-09-15 11:56:34',''),
('494217','6806','13444','32298','2016-09-15 11:56:34',''),
('494218','6806','13445','32300','2016-09-15 11:56:34',''),
('494219','6806','10616','24773','2016-09-15 11:56:43',''),
('494220','6806','10643','24709','2016-09-15 11:56:43',''),
('494221','6806','10642','24699','2016-09-15 11:56:43','3'),
('494222','6806','10617','24529','2016-09-15 11:56:43',''),
('494223','6806','10618','24536','2016-09-15 11:56:43',''),
('494224','6806','10674','24789','2016-09-15 11:56:43',''),
('494225','6806','10619','24543','2016-09-15 11:56:43','19878822'),
('494226','6806','10648','24727','2016-09-15 11:57:44',''),
('494227','6806','10726','25005','2016-09-15 11:57:44',''),
('494228','6806','10727','25007','2016-09-15 11:57:44',''),
('494229','6806','10728','25008','2016-09-15 11:57:44',''),
('494230','6806','10729','25011','2016-09-15 11:57:44',''),
('494231','6806','10735','25025','2016-09-15 11:57:44',''),
('494232','6806','13459','32206','2016-09-15 11:57:44',''),
('494233','6806','13464','32216','2016-09-15 11:57:44',''),
('494234','6806','10613','24501','2016-09-15 11:58:11',''),
('494235','6806','10671','24779','2016-09-15 11:58:11',''),
('494236','6806','10710','24910','2016-09-15 11:58:11',''),
('494237','6806','10644','24722','2016-09-15 11:58:11',''),
('494238','6806','10645','24723','2016-09-15 11:58:11',''),
('494239','6806','10657','24748','2016-09-15 11:58:11',''),
('494240','6806','10658','24749','2016-09-15 11:58:11',''),
('494241','6806','10659','24752','2016-09-15 11:58:11',''),
('494242','6806','10660','24755','2016-09-15 11:58:11',''),
('494243','6806','10672','24781','2016-09-15 11:58:11',''),
('494244','6806','10711','24911','2016-09-15 11:58:11',''),
('494245','6806','13460','32209','2016-09-15 11:58:11',''),
('494246','6806','13462','32212','2016-09-15 11:58:11',''),
('494247','6806','13463','32214','2016-09-15 11:58:11',''),
('494248','6806','10731','25017','2016-09-15 11:58:29','6806-25017.pdf'),
('357476', '6807', '10613', '24501', '2015-05-15 11:56:22', ''),
('357477', '6807', '10671', '24778', '2015-05-15 11:56:22', ''),
('357478', '6807', '10710', '24910', '2015-05-15 11:56:22', ''),
('357479', '6807', '10644', '24721', '2015-05-15 11:56:22', ''),
('357480', '6807', '10645', '24723', '2015-05-15 11:56:22', ''),
('357481', '6807', '10657', '24748', '2015-05-15 11:56:22', ''),
('357482', '6807', '10658', '24749', '2015-05-15 11:56:22', ''),
('357483', '6807', '10659', '24752', '2015-05-15 11:56:22', ''),
('357484', '6807', '10660', '24754', '2015-05-15 11:56:22', ''),
('357485', '6807', '10672', '24781', '2015-05-15 11:56:22', ''),
('357486', '6807', '10711', '24912', '2015-05-15 11:56:22', ''),
('357494', '6807', '10730', '25016', '2015-05-15 11:56:59', '6807-25016.pdf'),
('357495', '6807', '10731', '25017', '2015-05-15 11:56:59', '6807-25017.pdf'),
('357496', '6807', '10733', '25021', '2015-05-15 11:56:59', ''),
('357497', '6807', '10733', '25022', '2015-05-15 11:56:59', '6807-25022.pdf'),
('357498', '6807', '10673', '24783', '2015-05-15 11:57:06', ''),
('357499', '6807', '10732', '25019', '2015-05-15 11:57:06', ''),
('357500', '6807', '10620', '24544', '2015-05-15 11:57:10', ''),
('357501', '6807', '10621', '24552', '2015-05-15 11:57:10', ''),
('357504', '6807', '10712', '24913', '2015-05-15 11:57:34', ''),
('357505', '6807', '10713', '24921', '2015-05-15 11:57:34', ''),
('357506', '6807', '10714', '24929', '2015-05-15 11:57:34', ''),
('357507', '6807', '10715', '24937', '2015-05-15 11:57:34', ''),
('357508', '6807', '10716', '24945', '2015-05-15 11:57:34', ''),
('357509', '6807', '10717', '24953', '2015-05-15 11:57:34', ''),
('357510', '6807', '10718', '24961', '2015-05-15 11:57:34', ''),
('357511', '6807', '10719', '24967', '2015-05-15 11:57:34', ''),
('357512', '6807', '10652', '24735', '2015-05-15 11:57:53', ''),
('357513', '6807', '10678', '24797', '2015-05-15 11:57:53', ''),
('357514', '6807', '10615', '24510', '2015-05-15 11:57:53', ''),
('357515', '6807', '10653', '24738', '2015-05-15 11:57:53', ''),
('357516', '6807', '10654', '24739', '2015-05-15 11:57:53', ''),
('357517', '6807', '10736', '25028', '2015-05-15 11:57:53', ''),
('357518', '6807', '10622', '24558', '2015-05-15 11:58:03', ''),
('357519', '6807', '10623', '24566', '2015-05-15 11:58:03', ''),
('357520', '6807', '10624', '24574', '2015-05-15 11:58:03', ''),
('357521', '6807', '10625', '24582', '2015-05-15 11:58:03', ''),
('357522', '6807', '10626', '24590', '2015-05-15 11:58:03', ''),
('357523', '6807', '10627', '24598', '2015-05-15 11:58:03', ''),
('357524', '6807', '10666', '24764', '2015-05-15 11:58:18', '6807-24764.pdf'),
('387297', '6807', '10655', '24743', '2015-11-13 08:07:46', ''),
('387298', '7313', '13321', '31853', '2015-11-13 08:23:30', '2015-01-01'),
('387299', '7313', '13319', '31845', '2015-11-13 08:23:30', ''),
('387300', '7314', '13321', '31853', '2015-11-13 08:24:14', '2015-02-01'),
('387301', '7314', '13319', '31845', '2015-11-13 08:24:14', ''),
('387302', '7315', '13321', '31853', '2015-11-13 08:25:17', '2015-03-01'),
('387303', '7315', '13319', '31845', '2015-11-13 08:25:17', ''),
('387305', '7316', '13321', '31853', '2015-11-13 08:26:34', '2015-04-01'),
('387306', '7316', '13319', '31845', '2015-11-13 08:26:34', ''),
('387307', '7317', '13321', '31853', '2015-11-13 08:27:53', '2015-05-01'),
('387308', '7317', '13319', '31845', '2015-11-13 08:27:53', '');

INSERT INTO `greenbiz_checklist`.`client_metric` (`client_metric_id`, `client_checklist_id`, `metric_id`, `metric_unit_type_id`, `timestamp`, `value`, `months`)
VALUES ('5099', '7313', '752', '4', '2015-11-13 08:23:30', '1000', '1'),
('5100', '7313', '753', '4', '2015-11-13 08:23:30', '1000', '1'),
('5101', '7313', '754', '4', '2015-11-13 08:23:30', '1000', '1'),
('5104', '7313', '755', '1', '2015-11-13 08:23:30', '1000', '1'),
('5102', '7313', '756', '4', '2015-11-13 08:23:30', '1000', '1'),
('5103', '7313', '757', '1', '2015-11-13 08:23:30', '1000', '1'),
('5105', '7313', '758', '14', '2015-11-13 08:23:30', '1000', '1'),
('5106', '7313', '759', '14', '2015-11-13 08:23:30', '1000', '1'),
('5107', '7313', '760', '14', '2015-11-13 08:23:30', '1000', '1'),
('5108', '7313', '761', '14', '2015-11-13 08:23:30', '1000', '1'),
('5109', '7313', '762', '14', '2015-11-13 08:23:30', '1000', '1'),
('5110', '7313', '763', '14', '2015-11-13 08:23:30', '1000', '1'),
('5111', '7314', '752', '4', '2015-11-13 08:24:14', '1200', '1'),
('5112', '7314', '753', '4', '2015-11-13 08:24:14', '1200', '1'),
('5113', '7314', '754', '4', '2015-11-13 08:24:14', '1200', '1'),
('5116', '7314', '755', '1', '2015-11-13 08:24:14', '1200', '1'),
('5114', '7314', '756', '4', '2015-11-13 08:24:14', '1200', '1'),
('5115', '7314', '757', '1', '2015-11-13 08:24:14', '1200', '1'),
('5117', '7314', '758', '14', '2015-11-13 08:24:14', '1200', '1'),
('5118', '7314', '759', '14', '2015-11-13 08:24:14', '1200', '1'),
('5119', '7314', '760', '14', '2015-11-13 08:24:14', '1200', '1'),
('5120', '7314', '761', '14', '2015-11-13 08:24:14', '1200', '1'),
('5121', '7314', '762', '14', '2015-11-13 08:24:14', '1200', '1'),
('5122', '7314', '763', '14', '2015-11-13 08:24:14', '1200', '1'),
('5123', '7315', '752', '4', '2015-11-13 08:25:17', '800', '1'),
('5124', '7315', '753', '4', '2015-11-13 08:25:17', '800', '1'),
('5125', '7315', '754', '4', '2015-11-13 08:25:17', '800', '1'),
('5128', '7315', '755', '1', '2015-11-13 08:25:17', '800', '1'),
('5126', '7315', '756', '4', '2015-11-13 08:25:17', '800', '1'),
('5127', '7315', '757', '1', '2015-11-13 08:25:17', '800', '1'),
('5129', '7315', '758', '14', '2015-11-13 08:25:17', '800', '1'),
('5130', '7315', '759', '14', '2015-11-13 08:25:17', '800', '1'),
('5131', '7315', '760', '14', '2015-11-13 08:25:17', '800', '1'),
('5132', '7315', '761', '14', '2015-11-13 08:25:17', '800', '1'),
('5133', '7315', '762', '14', '2015-11-13 08:25:17', '800', '1'),
('5134', '7315', '763', '14', '2015-11-13 08:25:17', '800', '1'),
('5147', '7316', '752', '4', '2015-11-13 08:26:34', '1100', '1'),
('5148', '7316', '753', '4', '2015-11-13 08:26:34', '1100', '1'),
('5149', '7316', '754', '4', '2015-11-13 08:26:34', '1100', '1'),
('5152', '7316', '755', '1', '2015-11-13 08:26:34', '1100', '1'),
('5150', '7316', '756', '4', '2015-11-13 08:26:34', '1100', '1'),
('5151', '7316', '757', '1', '2015-11-13 08:26:34', '1100', '1'),
('5153', '7316', '758', '14', '2015-11-13 08:26:34', '1100', '1'),
('5154', '7316', '759', '14', '2015-11-13 08:26:34', '1100', '1'),
('5155', '7316', '760', '14', '2015-11-13 08:26:34', '1100', '1'),
('5156', '7316', '761', '14', '2015-11-13 08:26:34', '1100', '1'),
('5157', '7316', '762', '14', '2015-11-13 08:26:34', '1100', '1'),
('5158', '7316', '763', '14', '2015-11-13 08:26:34', '1100', '1'),
('5159', '7317', '752', '4', '2015-11-13 08:27:53', '1000', '1'),
('5160', '7317', '753', '4', '2015-11-13 08:27:53', '1000', '1'),
('5161', '7317', '754', '4', '2015-11-13 08:27:53', '1000', '1'),
('5164', '7317', '755', '1', '2015-11-13 08:27:53', '1000', '1'),
('5162', '7317', '756', '4', '2015-11-13 08:27:53', '1000', '1'),
('5163', '7317', '757', '1', '2015-11-13 08:27:53', '1000', '1'),
('5165', '7317', '758', '14', '2015-11-13 08:27:53', '1000', '1'),
('5166', '7317', '759', '14', '2015-11-13 08:27:53', '1000', '1'),
('5167', '7317', '760', '14', '2015-11-13 08:27:53', '1000', '1'),
('5168', '7317', '761', '14', '2015-11-13 08:27:53', '1000', '1'),
('5169', '7317', '762', '14', '2015-11-13 08:27:53', '1000', '1'),
('5170', '7317', '763', '14', '2015-11-13 08:27:53', '1000', '1');


###### Finish Data Reset of GBC Supply Chain Demo Account ######



###### GBC CSR Demo Account ######
#---- Start Deleting the Data ---- 

#Delete the client_checklist_permission from the client_checklist
DELETE FROM `greenbiz_checklist`.`client_checklist_permission` WHERE `client_checklist_id` IN ('17778','17779');

#Delete the clent_checklist_score from the client_checklist
DELETE FROM `greenbiz_checklist`.`client_checklist_score` WHERE `client_checklist_id` IN ('17778','17779');

#Delete the client_commitment from the client_checklist
DELETE FROM `greenbiz_checklist`.`client_commitment` WHERE `client_checklist_id` IN ('17778','17779');

#Delete the client_metric from the client_checklist
DELETE FROM `greenbiz_checklist`.`client_metric` WHERE `client_checklist_id` IN ('17778','17779');

#Delete the client_page_note from the client_checklist
DELETE FROM `greenbiz_checklist`.`client_page_note` WHERE `client_checklist_id` IN ('17778','17779');

#Delete the client_result from the client_checklist
DELETE FROM `greenbiz_checklist`.`client_result` WHERE `client_checklist_id` IN ('17778','17779');

#Delete the owner_2_action from the client_checklist
DELETE FROM `greenbiz_checklist`.`client_site` WHERE `client_checklist_id` IN ('17778','17779');

#Delete the client_site_result from the client_checklist
DELETE FROM `greenbiz_checklist`.`client_site_result` WHERE `client_checklist_id` IN ('17778','17779');

#Delete the owner_2_action from the client_checklist
DELETE FROM `greenbiz_checklist`.`owner_2_action` WHERE `client_checklist_id` IN ('17778','17779');

#Delete the audit from the account
DELETE FROM `greenbiz_audit`.`audit` WHERE `client_checklist_id` IN ('17778','17779');

#Delete the document_2_client_checklist from the account
DELETE FROM `greenbiz_audit`.`document_2_client_checklist` WHERE `client_checklist_id` IN ('17778','17779');

#Delete the client_checklist from the client_checklist
DELETE FROM `greenbiz_checklist`.`client_checklist` WHERE `client_id` = '5204';

#Delete the transaction from the account
DELETE FROM `greenbiz_pos`.`transaction` WHERE `client_id` = '5204';

#Delete the invoice from the account
DELETE FROM `greenbiz_pos`.`invoice` WHERE `client_id` = '5204';

#Delete the client_contacts from the account
DELETE FROM `greenbiz_core`.`client_contact` WHERE `client_id` = '5204';

#Delete the client account
DELETE FROM `greenbiz_core`.`client` WHERE `client_id` = '5204';

#Delete the client_contact_2_dashboard
DELETE FROM `greenbiz_dashboard`.`client_contact_2_dashboard` WHERE `client_contact_id` = '4875';

#---- Start Inserting the Data ---- 

#Insert the values into the greenbiz_core.client table
INSERT INTO `greenbiz_core`.`client` (`client_id`, `client_type_id`, `affiliate_id`, `consultant_id`, `associate_id`, `parent_id`, `associate_account_id`, `city_id`, `account_no`, `source`, `registered`, `username`, `password`, `company_name`, `department`, `address_line_1`, `address_line_2`, `suburb`, `state`, `postcode`, `country`, `industry`, `tmp_prospect_id`, `show_in_contact_us`, `temp_partner_url`, `refered_from`, `parent_company_id`, `nswbc_preferred_time`, `referer_url`, `complimentary_consult`, `business_owner_view_id`, `membership_number`, `anzsic_id`, `existing_business_owner_id`, `distributor_id`)
VALUES
('5204','1',NULL,NULL,NULL,NULL,NULL,'0','2016120600052041','','2016-12-06 08:03:08','','','Demo CSR Account',NULL,'1 Queen Street','','Brisbane','QLD','4000','Australia',NULL,'0','1',NULL,NULL,'0',NULL,NULL,'0','1',NULL,NULL,NULL,NULL);

#Insert the client_contacts into the client account
INSERT INTO `greenbiz_core`.`client_contact` (`client_contact_id`, `client_id`, `is_client_admin`, `sequence`, `salutation`, `firstname`, `lastname`, `position`, `email`, `password`, `phone`, `send_auto_emails`, `display_contact_photo`, `url`, `description`, `encrypted`, `locked_out`, `locked_out_expiry`)
VALUES
('4875','5204','1','0','','Demo','User','','democsr@greenbizcheck.com','$2a$08$XRXGmVvE3ccOWrkbniSR/.jI9c53Td.bVScLt7q8ww36LgbiYJuLC','','0','0','','','1','0','0000-00-00 00:00:00');

#Insert the values into the client_checklist
INSERT INTO `greenbiz_checklist`.`client_checklist` (`client_checklist_id`, `checklist_id`, `checklist_variation_id`, `client_id`, `name`, `progress`, `initial_score`, `current_score`, `created`, `completed`, `expires`, `audit_required`, `fail_points`, `status`)
VALUES
('17778','83','0','5204','GreenBizCheck CSR Certification Program','12',NULL,NULL,'2016-12-06 09:05:28',NULL,NULL,'0','0','1'),
('17779','83','0','5204','GreenBizCheck CSR Certification Program','100','0.429975','0.540541','2016-12-06 09:05:41','2016-12-06 09:14:44',NULL,'0','0','2');


#Insert the values into client_checklist_score
INSERT INTO `greenbiz_checklist`.`client_checklist_score` (`client_checklist_score_id`, `client_checklist_id`, `timestamp`, `score`)
VALUES
('48042','17779','2016-12-06 09:14:45','0.429975'),
('48043','17779','2016-12-06 09:14:56','0.439803'),
('48044','17779','2016-12-06 09:15:04','0.449631'),
('48045','17779','2016-12-06 09:15:14','0.46683'),
('48046','17779','2016-12-06 09:15:26','0.474201'),
('48047','17779','2016-12-06 09:15:35','0.481572'),
('48048','17779','2016-12-06 09:15:43','0.501229'),
('48049','17779','2016-12-06 09:15:55','0.520885'),
('48050','17779','2016-12-06 09:16:04','0.528256'),
('48051','17779','2016-12-06 09:16:15','0.540541'),
('48052','17779','2016-12-06 09:16:57','0.540541'),
('48053','17779','2016-12-06 09:17:37','0.540541'),
('48054','17779','2016-12-06 09:17:42','0.540541'),
('48055','17779','2016-12-06 09:17:45','0.540541'),
('48056','17779','2016-12-06 09:17:53','0.540541');

#Insert the values into client_commitment
INSERT INTO `greenbiz_checklist`.`client_commitment` (`client_commitment_id`, `client_checklist_id`, `action_id`, `commitment_id`, `timestamp`)
VALUES
('1187060','17779','7881','0','2016-12-06 09:16:15'),
('1187023','17779','7891','0','2016-12-06 09:16:15'),
('1187021','17779','7893','0','2016-12-06 09:16:15'),
('1186853','17779','7894','9910','2016-12-06 09:15:43'),
('1187053','17779','7895','0','2016-12-06 09:16:15'),
('1187033','17779','7903','0','2016-12-06 09:16:15'),
('1187032','17779','7906','0','2016-12-06 09:16:15'),
('1186914','17779','7907','9922','2016-12-06 09:15:55'),
('1187061','17779','7914','0','2016-12-06 09:16:15'),
('1187024','17779','7919','0','2016-12-06 09:16:15'),
('1187063','17779','7921','0','2016-12-06 09:16:15'),
('1187025','17779','7943','0','2016-12-06 09:16:15'),
('1186611','17779','7952','9978','2016-12-06 09:15:04'),
('1186733','17779','7956','9988','2016-12-06 09:15:26'),
('1187059','17779','7957','0','2016-12-06 09:16:15'),
('1186672','17779','7959','9996','2016-12-06 09:15:13'),
('1187062','17779','7970','0','2016-12-06 09:16:15'),
('1186792','17779','7991','10028','2016-12-06 09:15:35'),
('1187034','17779','7994','0','2016-12-06 09:16:15'),
('1187030','17779','8002','0','2016-12-06 09:16:15'),
('1187029','17779','8005','0','2016-12-06 09:16:15'),
('1187045','17779','8006','0','2016-12-06 09:16:15'),
('1187051','17779','8008','0','2016-12-06 09:16:15'),
('1187044','17779','8011','0','2016-12-06 09:16:15'),
('1187050','17779','8012','0','2016-12-06 09:16:15'),
('1187047','17779','8013','0','2016-12-06 09:16:15'),
('1187049','17779','8014','0','2016-12-06 09:16:15'),
('1187052','17779','8016','0','2016-12-06 09:16:15'),
('1187031','17779','8023','0','2016-12-06 09:16:15'),
('1187048','17779','8026','0','2016-12-06 09:16:15'),
('1187046','17779','8027','0','2016-12-06 09:16:15'),
('1187035','17779','8043','0','2016-12-06 09:16:15'),
('1187018','17779','8060','0','2016-12-06 09:16:15'),
('1187068','17779','8079','0','2016-12-06 09:16:15'),
('1187037','17779','8090','0','2016-12-06 09:16:15'),
('1187038','17779','8091','0','2016-12-06 09:16:15'),
('1187039','17779','8092','0','2016-12-06 09:16:15'),
('1187042','17779','8094','0','2016-12-06 09:16:15'),
('1187040','17779','8095','0','2016-12-06 09:16:15'),
('1187036','17779','8106','0','2016-12-06 09:16:15'),
('1187020','17779','8110','0','2016-12-06 09:16:15'),
('1187015','17779','8112','0','2016-12-06 09:16:15'),
('1187058','17779','8119','0','2016-12-06 09:16:15'),
('1187019','17779','8125','0','2016-12-06 09:16:15'),
('1187054','17779','8132','0','2016-12-06 09:16:15'),
('1187055','17779','8133','0','2016-12-06 09:16:15'),
('1187022','17779','8145','0','2016-12-06 09:16:15'),
('1187043','17779','8420','0','2016-12-06 09:16:15'),
('1186970','17779','8424','10652','2016-12-06 09:16:03'),
('1187064','17779','8440','0','2016-12-06 09:16:15'),
('1187065','17779','8441','0','2016-12-06 09:16:15'),
('1187066','17779','8442','0','2016-12-06 09:16:15'),
('1187067','17779','8443','0','2016-12-06 09:16:15'),
('1186547','17779','8446','10707','2016-12-06 09:14:56'),
('1187056','17779','8450','0','2016-12-06 09:16:15'),
('1187057','17779','8452','0','2016-12-06 09:16:15'),
('1187041','17779','8552','0','2016-12-06 09:16:15'),
('1187026','17779','9252','11628','2016-12-06 09:16:15'),
('1187027','17779','9255','0','2016-12-06 09:16:15'),
('1187028','17779','9256','0','2016-12-06 09:16:15'),
('1187017','17779','11189','0','2016-12-06 09:16:15'),
('1187016','17779','11578','0','2016-12-06 09:16:15');

#Insert the values into the client_result page
INSERT INTO `greenbiz_checklist`.`client_result` (`client_result_id`, `client_checklist_id`, `question_id`, `answer_id`, `timestamp`, `arbitrary_value`, `index`)
VALUES
('561777', '17778', '9298', '20053', '2016-12-06 09:18:36', NULL, '0'),
('561778', '17778', '8900', '19456', '2016-12-06 09:18:36', '50', '0'),
('561779', '17778', '9847', '22094', '2016-12-06 09:18:36', NULL, '0'),
('561780', '17778', '9142', '19661', '2016-12-06 09:18:45', NULL, '0'),
('561781', '17778', '13466', '32218', '2016-12-06 09:18:45', NULL, '0'),
('561782', '17778', '9689', '21470', '2016-12-06 09:18:58', NULL, '0'),
('561783', '17778', '9690', '21476', '2016-12-06 09:18:58', NULL, '0'),
('561784', '17778', '9691', '21482', '2016-12-06 09:18:58', NULL, '0'),
('561785', '17778', '9692', '21488', '2016-12-06 09:18:58', NULL, '0'),
('561786', '17778', '9693', '21493', '2016-12-06 09:18:58', NULL, '0'),
('561787', '17778', '9694', '21498', '2016-12-06 09:18:58', NULL, '0'),
('561788', '17778', '9695', '21504', '2016-12-06 09:18:58', NULL, '0'),
('561789', '17778', '9696', '21509', '2016-12-06 09:18:58', NULL, '0'),
('561790', '17778', '9697', '21514', '2016-12-06 09:18:58', NULL, '0'),
('561791', '17778', '9698', '21515', '2016-12-06 09:19:09', NULL, '0'),
('561792', '17778', '9699', '21521', '2016-12-06 09:19:09', NULL, '0'),
('561793', '17778', '9700', '21527', '2016-12-06 09:19:09', NULL, '0'),
('561794', '17778', '9701', '21533', '2016-12-06 09:19:09', NULL, '0'),
('561795', '17778', '9702', '21539', '2016-12-06 09:19:09', NULL, '0'),
('561796', '17778', '9703', '21543', '2016-12-06 09:19:09', NULL, '0'),
('561797', '17778', '9704', '21547', '2016-12-06 09:19:09', NULL, '0'),
('561629', '17779', '9298', '20053', '2016-12-06 09:06:55', NULL, '0'),
('561630', '17779', '8900', '19456', '2016-12-06 09:06:55', '100', '0'),
('561631', '17779', '9847', '22094', '2016-12-06 09:06:55', NULL, '0'),
('561632', '17779', '9142', '19660', '2016-12-06 09:07:05', NULL, '0'),
('561633', '17779', '13466', '32219', '2016-12-06 09:07:05', NULL, '0'),
('561634', '17779', '9109', '19576', '2016-12-06 09:07:19', NULL, '0'),
('561635', '17779', '9144', '19667', '2016-12-06 09:07:19', NULL, '0'),
('561636', '17779', '13327', '31859', '2016-12-06 09:07:19', '01c8faee53d20640ba8bbd127226dc1f', '0'),
('561637', '17779', '9689', '21470', '2016-12-06 09:07:33', NULL, '0'),
('561638', '17779', '9690', '21476', '2016-12-06 09:07:33', NULL, '0'),
('561639', '17779', '9691', '21482', '2016-12-06 09:07:33', NULL, '0'),
('561640', '17779', '9692', '21488', '2016-12-06 09:07:33', NULL, '0'),
('561641', '17779', '9693', '21494', '2016-12-06 09:07:33', NULL, '0'),
('561642', '17779', '9694', '21498', '2016-12-06 09:07:33', NULL, '0'),
('561643', '17779', '9695', '21502', '2016-12-06 09:07:33', NULL, '0'),
('561644', '17779', '9696', '21506', '2016-12-06 09:07:33', NULL, '0'),
('561645', '17779', '9697', '21510', '2016-12-06 09:07:33', NULL, '0'),
('561646', '17779', '9698', '21515', '2016-12-06 09:07:43', NULL, '0'),
('561647', '17779', '9699', '21521', '2016-12-06 09:07:43', NULL, '0'),
('561648', '17779', '9700', '21527', '2016-12-06 09:07:43', NULL, '0'),
('561649', '17779', '9701', '21533', '2016-12-06 09:07:43', NULL, '0'),
('561650', '17779', '9702', '21539', '2016-12-06 09:07:43', NULL, '0'),
('561651', '17779', '9703', '21543', '2016-12-06 09:07:43', NULL, '0'),
('561652', '17779', '9704', '21547', '2016-12-06 09:07:43', NULL, '0'),
('561653', '17779', '10745', '25056', '2016-12-06 09:08:01', NULL, '0'),
('561654', '17779', '9138', '19647', '2016-12-06 09:08:01', NULL, '0'),
('561655', '17779', '8935', '19188', '2016-12-06 09:08:01', '63', '0'),
('561656', '17779', '9101', '19553', '2016-12-06 09:08:01', NULL, '0'),
('561657', '17779', '9643', '21550', '2016-12-06 09:08:01', NULL, '0'),
('561658', '17779', '9106', '19636', '2016-12-06 09:08:01', NULL, '0'),
('561659', '17779', '8936', '19190', '2016-12-06 09:08:01', NULL, '0'),
('561660', '17779', '9705', '21552', '2016-12-06 09:08:08', NULL, '0'),
('561661', '17779', '9630', '21226', '2016-12-06 09:08:14', NULL, '0'),
('561662', '17779', '9129', '19620', '2016-12-06 09:08:14', NULL, '0'),
('561663', '17779', '8939', '19195', '2016-12-06 09:08:25', NULL, '0'),
('561664', '17779', '9628', '21221', '2016-12-06 09:08:25', NULL, '0'),
('561665', '17779', '9629', '21225', '2016-12-06 09:08:25', NULL, '0'),
('561666', '17779', '9134', '19630', '2016-12-06 09:08:25', NULL, '0'),
('561667', '17779', '9011', '19357', '2016-12-06 09:08:25', NULL, '0'),
('561668', '17779', '8940', '19198', '2016-12-06 09:08:31', NULL, '0'),
('561669', '17779', '8941', '19200', '2016-12-06 09:08:31', NULL, '0'),
('561670', '17779', '9058', '19463', '2016-12-06 09:08:44', NULL, '0'),
('561671', '17779', '9064', '19476', '2016-12-06 09:08:44', NULL, '0'),
('561672', '17779', '9157', '19720', '2016-12-06 09:08:44', NULL, '0'),
('561673', '17779', '9156', '19708', '2016-12-06 09:08:44', NULL, '0'),
('561674', '17779', '9062', '19472', '2016-12-06 09:08:44', NULL, '0'),
('561675', '17779', '9065', '19478', '2016-12-06 09:08:44', '63', '0'),
('561676', '17779', '9066', '19480', '2016-12-06 09:08:44', NULL, '0'),
('561677', '17779', '9046', '19454', '2016-12-06 09:09:03', NULL, '0'),
('561678', '17779', '10563', '24373', '2016-12-06 09:09:03', NULL, '0'),
('561679', '17779', '10563', '24374', '2016-12-06 09:09:03', NULL, '0'),
('561680', '17779', '10563', '24378', '2016-12-06 09:09:03', NULL, '0'),
('561681', '17779', '10564', '24384', '2016-12-06 09:09:03', NULL, '0'),
('561682', '17779', '10565', '24388', '2016-12-06 09:09:03', NULL, '0'),
('561683', '17779', '9021', '19379', '2016-12-06 09:09:03', NULL, '0'),
('561684', '17779', '10567', '24393', '2016-12-06 09:09:03', NULL, '0'),
('561685', '17779', '10566', '24391', '2016-12-06 09:09:12', NULL, '0'),
('561686', '17779', '10570', '24401', '2016-12-06 09:09:12', NULL, '0'),
('561687', '17779', '10569', '24398', '2016-12-06 09:09:12', NULL, '0'),
('561688', '17779', '8954', '19228', '2016-12-06 09:09:19', NULL, '0'),
('561689', '17779', '8958', '19239', '2016-12-06 09:09:19', NULL, '0'),
('561690', '17779', '9013', '19360', '2016-12-06 09:09:27', NULL, '0'),
('561691', '17779', '9014', '19363', '2016-12-06 09:09:27', NULL, '0'),
('561692', '17779', '9105', '19573', '2016-12-06 09:09:27', '39', '0'),
('561693', '17779', '9015', '19364', '2016-12-06 09:09:32', NULL, '0'),
('561694', '17779', '8933', '19184', '2016-12-06 09:09:40', NULL, '0'),
('561695', '17779', '9056', '19458', '2016-12-06 09:09:40', NULL, '0'),
('561696', '17779', '8925', '19167', '2016-12-06 09:09:40', NULL, '0'),
('561697', '17779', '8926', '19171', '2016-12-06 09:09:40', NULL, '0'),
('561698', '17779', '9124', '19611', '2016-12-06 09:09:55', '5000', '0'),
('561699', '17779', '9125', '19693', '2016-12-06 09:09:55', NULL, '0'),
('561700', '17779', '9126', '19613', '2016-12-06 09:09:55', NULL, '0'),
('561701', '17779', '9127', '19617', '2016-12-06 09:09:55', NULL, '0'),
('561702', '17779', '9016', '19368', '2016-12-06 09:10:05', NULL, '0'),
('561703', '17779', '9032', '19399', '2016-12-06 09:10:05', NULL, '0'),
('561704', '17779', '9231', '19872', '2016-12-06 09:10:11', NULL, '0'),
('561705', '17779', '9110', '19578', '2016-12-06 09:10:22', NULL, '0'),
('561706', '17779', '12915', '30040', '2016-12-06 09:10:22', '36', '0'),
('561707', '17779', '8908', '19130', '2016-12-06 09:10:22', '60', '0'),
('561708', '17779', '8902', '19121', '2016-12-06 09:10:22', '17', '0'),
('561709', '17779', '8903', '19122', '2016-12-06 09:10:22', '51', '0'),
('561710', '17779', '8913', '19141', '2016-12-06 09:10:29', NULL, '0'),
('561711', '17779', '8919', '19157', '2016-12-06 09:10:29', NULL, '0'),
('561712', '17779', '8920', '19572', '2016-12-06 09:10:29', '65', '0'),
('561713', '17779', '8923', '19162', '2016-12-06 09:10:36', NULL, '0'),
('561714', '17779', '8922', '19161', '2016-12-06 09:10:36', NULL, '0'),
('561715', '17779', '9071', '19490', '2016-12-06 09:10:48', NULL, '0'),
('561716', '17779', '9070', '19488', '2016-12-06 09:10:48', NULL, '0'),
('561717', '17779', '9163', '19722', '2016-12-06 09:10:48', NULL, '0'),
('561718', '17779', '8967', '19258', '2016-12-06 09:10:48', NULL, '0'),
('561719', '17779', '9627', '21217', '2016-12-06 09:10:48', NULL, '0'),
('561720', '17779', '9194', '19784', '2016-12-06 09:10:48', NULL, '0'),
('561721', '17779', '9026', '19389', '2016-12-06 09:11:01', '53', '0'),
('561722', '17779', '8949', '19214', '2016-12-06 09:11:01', NULL, '0'),
('561723', '17779', '9027', '19391', '2016-12-06 09:11:01', NULL, '0'),
('561724', '17779', '9028', '19392', '2016-12-06 09:11:01', NULL, '0'),
('561725', '17779', '9049', '19431', '2016-12-06 09:11:01', NULL, '0'),
('561726', '17779', '9078', '19502', '2016-12-06 09:11:09', NULL, '0'),
('561727', '17779', '9083', '19514', '2016-12-06 09:11:09', NULL, '0'),
('561728', '17779', '9041', '19415', '2016-12-06 09:11:09', NULL, '0'),
('561729', '17779', '9155', '19706', '2016-12-06 09:11:09', NULL, '0'),
('561730', '17779', '9042', '19417', '2016-12-06 09:11:16', NULL, '0'),
('561731', '17779', '9043', '19420', '2016-12-06 09:11:16', NULL, '0'),
('561732', '17779', '9055', '19452', '2016-12-06 09:11:16', NULL, '0'),
('561733', '17779', '9050', '19433', '2016-12-06 09:11:26', NULL, '0'),
('561734', '17779', '9029', '19394', '2016-12-06 09:11:26', NULL, '0'),
('561735', '17779', '8924', '19165', '2016-12-06 09:11:26', NULL, '0'),
('561736', '17779', '9030', '19396', '2016-12-06 09:11:34', NULL, '0'),
('561737', '17779', '9051', '19436', '2016-12-06 09:11:34', NULL, '0'),
('561738', '17779', '9052', '19438', '2016-12-06 09:11:34', NULL, '0'),
('561739', '17779', '9084', '19515', '2016-12-06 09:12:02', NULL, '0'),
('561740', '17779', '9090', '19524', '2016-12-06 09:12:06', NULL, '0'),
('561741', '17779', '9619', '21201', '2016-12-06 09:12:11', NULL, '0'),
('561742', '17779', '9620', '21203', '2016-12-06 09:12:18', NULL, '0'),
('561743', '17779', '9622', '21208', '2016-12-06 09:12:18', NULL, '0'),
('561744', '17779', '9037', '19407', '2016-12-06 09:12:24', NULL, '0'),
('561745', '17779', '9038', '19410', '2016-12-06 09:12:24', NULL, '0'),
('561746', '17779', '8932', '19182', '2016-12-06 09:12:29', NULL, '0'),
('561747', '17779', '9089', '19522', '2016-12-06 09:12:37', NULL, '0'),
('561748', '17779', '9633', '21233', '2016-12-06 09:12:37', NULL, '0'),
('561749', '17779', '13121', '30837', '2016-12-06 09:12:37', NULL, '0'),
('561750', '17779', '9632', '21234', '2016-12-06 09:12:42', NULL, '0'),
('561751', '17779', '9680', '21442', '2016-12-06 09:12:54', NULL, '0'),
('561752', '17779', '9681', '21446', '2016-12-06 09:12:54', NULL, '0'),
('561753', '17779', '9685', '21458', '2016-12-06 09:12:54', NULL, '0'),
('561754', '17779', '9686', '21461', '2016-12-06 09:12:54', NULL, '0'),
('561755', '17779', '9161', '19716', '2016-12-06 09:12:54', NULL, '0'),
('561756', '17779', '9162', '19717', '2016-12-06 09:12:54', NULL, '0'),
('561757', '17779', '9683', '21451', '2016-12-06 09:13:23', NULL, '0'),
('561758', '17779', '9684', '21455', '2016-12-06 09:13:23', NULL, '0'),
('561759', '17779', '9688', '21468', '2016-12-06 09:13:23', 'Opportunity 1', '0'),
('561760', '17779', '9688', '21469', '2016-12-06 09:13:23', 'Opportunity 2', '0'),
('561761', '17779', '9009', '19352', '2016-12-06 09:13:35', NULL, '0'),
('561762', '17779', '8989', '19312', '2016-12-06 09:13:35', NULL, '0'),
('561763', '17779', '9239', '19897', '2016-12-06 09:13:35', NULL, '0'),
('561764', '17779', '8910', '19134', '2016-12-06 09:13:35', NULL, '0'),
('561765', '17779', '8904', '19282', '2016-12-06 09:13:35', '22', '0'),
('561766', '17779', '8947', '19367', '2016-12-06 09:13:35', '65', '0'),
('561767', '17779', '9145', '19670', '2016-12-06 09:13:35', NULL, '0'),
('561768', '17779', '8980', '19293', '2016-12-06 09:13:41', NULL, '0'),
('561769', '17779', '8986', '19306', '2016-12-06 09:13:41', NULL, '0'),
('561770', '17779', '8973', '19275', '2016-12-06 09:13:50', NULL, '0'),
('561771', '17779', '8951', '19220', '2016-12-06 09:13:50', NULL, '0'),
('561772', '17779', '9659', '21353', '2016-12-06 09:14:09', NULL, '0'),
('561773', '17779', '9660', '21355', '2016-12-06 09:14:09', NULL, '0'),
('561774', '17779', '9661', '21357', '2016-12-06 09:14:09', NULL, '0'),
('561775', '17779', '9662', '21359', '2016-12-06 09:14:09', NULL, '0'),
('561776', '17779', '9113', '19585', '2016-12-06 09:14:09', NULL, '0');

###### Finish Data Reset of GBC CSR Demo Account ######


###### EBC Supply Chain Tracker Demo Account ######
#---- Start Deleting the Data ---- 

#Delete the client_checklist_permission from the client_checklist
DELETE FROM `ecobiz_checklist`.`client_checklist_permission` WHERE `client_checklist_id` IN ('210', '211', '376', '377','378','379','380','381','382');

#Delete the clent_checklist_score from the client_checklist
DELETE FROM `ecobiz_checklist`.`client_checklist_score` WHERE `client_checklist_id` IN ('210', '211', '376', '377','378','379','380','381','382');

#Delete the client_commitment from the client_checklist
DELETE FROM `ecobiz_checklist`.`client_commitment` WHERE `client_checklist_id` IN ('210', '211', '376', '377','378','379','380','381','382');

#Delete the client_metric from the client_checklist
DELETE FROM `ecobiz_checklist`.`client_metric` WHERE `client_checklist_id` IN ('210', '211', '376', '377','378','379','380','381','382');

#Delete the client_page_note from the client_checklist
DELETE FROM `ecobiz_checklist`.`client_page_note` WHERE `client_checklist_id` IN ('210', '211', '376', '377','378','379','380','381','382');

#Delete the client_result from the client_checklist
DELETE FROM `ecobiz_checklist`.`client_result` WHERE `client_checklist_id` IN ('210', '211', '376', '377','378','379','380','381','382');

#Delete the owner_2_action from the client_checklist
DELETE FROM `ecobiz_checklist`.`client_site` WHERE `client_checklist_id` IN ('210', '211', '376', '377','378','379','380','381','382');

#Delete the client_site_result from the client_checklist
DELETE FROM `ecobiz_checklist`.`client_site_result` WHERE `client_checklist_id` IN ('210', '211', '376', '377','378','379','380','381','382');

#Delete the owner_2_action from the client_checklist
DELETE FROM `ecobiz_checklist`.`owner_2_action` WHERE `client_checklist_id` IN ('210', '211', '376', '377','378','379','380','381','382');

#Delete the audit from the account
DELETE FROM `ecobiz_audit`.`audit` WHERE `client_checklist_id` IN ('210', '211', '376', '377','378','379','380','381','382');

#Delete the document_2_client_checklist from the account
DELETE FROM `ecobiz_audit`.`document_2_client_checklist` WHERE `client_checklist_id` IN ('210', '211', '376', '377','378','379','380','381','382');

#Delete the client_checklist from the client_checklist
DELETE FROM `ecobiz_checklist`.`client_checklist` WHERE `client_id` = '95';

#Delete the transaction from the account
DELETE FROM `ecobiz_pos`.`transaction` WHERE `client_id` = '95';

#Delete the invoice from the account
DELETE FROM `ecobiz_pos`.`invoice` WHERE `client_id` = '95';

#Delete the client_contacts from the account
DELETE FROM `ecobiz_core`.`client_contact` WHERE `client_id` = '95';

#Delete the client account
DELETE FROM `ecobiz_core`.`client` WHERE `client_id` = '95';




#---- Start Inserting the Data ---- 

#Insert the values into the greenbiz_core.client table
INSERT INTO `ecobiz_core`.`client` (`client_id`, `client_type_id`, `affiliate_id`, `consultant_id`, `associate_id`, `parent_id`, `associate_account_id`, `city_id`, `account_no`, `source`, `registered`, `username`, `password`, `company_name`, `department`, `address_line_1`, `address_line_2`, `suburb`, `state`, `postcode`, `country`, `industry`, `tmp_prospect_id`, `show_in_contact_us`, `temp_partner_url`, `refered_from`, `parent_company_id`, `nswbc_preferred_time`, `referer_url`, `complimentary_consult`, `business_owner_view_id`, `membership_number`, `anzsic_id`, `existing_business_owner_id`, `distributor_id`)
VALUES ('95', '1', NULL, NULL, NULL, NULL, NULL, NULL, '2015052500000955', 'web', '2015-05-25 14:13:21', '', '', 'Demo Account', NULL, '1 5th Ave', '', 'New York City', 'New York', '10007', 'United States', NULL, '0', '1', '', '', NULL, '', '', '0', '1', '', '0', NULL, NULL);


#Insert the client_contacts into the client account
INSERT INTO `ecobiz_core`.`client_contact` (`client_contact_id`, `client_id`, `is_client_admin`, `sequence`, `salutation`, `firstname`, `lastname`, `position`, `email`, `password`, `phone`, `send_auto_emails`, `display_contact_photo`, `url`, `description`, `encrypted`, `locked_out`, `locked_out_expiry`)
VALUES ('86', '95', '1', '0', '', 'Demo', 'Account', '', 'democsr@ecobizcheck.com', '$2a$08$cQhcnRH9AOiNm6hlAB4T8uTGZljagqoL9K7raMm4M9N7pEKV2Cd.e', '', '1', '1', NULL, NULL, '0', '0', NULL);

#Insert the values into the client_checklist
INSERT INTO `ecobiz_checklist`.`client_checklist` (`client_checklist_id`, `checklist_id`, `checklist_variation_id`, `client_id`, `name`, `progress`, `initial_score`, `current_score`, `created`, `completed`, `expires`, `audit_required`, `fail_points`, `status`)
VALUES ('210', '61', '0', '95', 'EcoBizCheck CSR Certification Program', '100', '0.45283', '0.727763', '2015-05-25 14:23:54', '2015-05-25 14:39:02', NULL, '0', '0', '2'),
('211', '61', '0', '95', 'EcoBizCheck CSR Certification Program', '55', NULL, NULL, '2015-05-25 14:24:05', NULL, NULL, '0', '0', '1'),
('376', '63', NULL, '95', 'EBC GHG Concept', '100', '0', '0', '2015-11-30 15:15:34', '2015-11-30 15:15:59', NULL, '0', '0', '4'),
('377', '63', NULL, '95', 'EBC GHG Concept', '100', '0', '0', '2015-11-30 15:16:42', '2015-11-30 15:17:02', NULL, '0', '0', '4'),
('378', '63', NULL, '95', 'EBC GHG Concept', '100', '0', '0', '2015-11-30 15:17:04', '2015-11-30 15:17:30', NULL, '0', '0', '4'),
('379', '63', NULL, '95', 'EBC GHG Concept', '100', '0', '0', '2015-11-30 15:17:33', '2015-11-30 15:18:00', NULL, '0', '0', '4'),
('380', '63', NULL, '95', 'EBC GHG Concept', '100', '0', '0', '2015-11-30 15:18:03', '2015-11-30 15:18:29', NULL, '0', '0', '4'),
('381', '63', NULL, '95', 'EBC GHG Concept', '100', '0', '0', '2015-11-30 15:18:33', '2015-11-30 15:19:13', NULL, '0', '0', '4'),
('382', '63', NULL, '95', 'EBC GHG Concept', '100', '0', '0', '2015-11-30 15:19:16', '2015-11-30 15:19:39', NULL, '0', '0', '4');



#Insert the values into client_checklist_score
INSERT INTO `ecobiz_checklist`.`client_checklist_score` (`client_checklist_score_id`, `client_checklist_id`, `timestamp`, `score`)
VALUES('458','210','2015-05-25 14:39:02','0.45283'),
('459','210','2015-05-25 14:40:10','0.45283'),
('460','210','2015-05-25 15:29:41','0.45283'),
('461','210','2015-05-25 15:31:12','0.45283'),
('462','210','2015-05-25 16:38:19','0.45283'),
('463','210','2015-05-25 16:43:46','0.45283'),
('464','210','2015-05-25 16:43:50','0.45283'),
('465','210','2015-05-25 16:57:12','0.45283'),
('466','210','2015-05-25 16:57:15','0.45283'),
('467','210','2015-05-25 16:59:21','0.45283'),
('468','210','2015-05-25 16:59:27','0.45283'),
('469','210','2015-05-25 16:59:55','0.45283'),
('470','210','2015-05-26 08:22:15','0.45283'),
('471','210','2015-05-26 08:22:23','0.45283'),
('472','210','2015-05-26 08:38:28','0.45283'),
('473','210','2015-05-26 09:13:03','0.45283'),
('474','210','2015-05-26 09:48:33','0.45283'),
('475','210','2015-05-26 09:49:04','0.45283'),
('476','210','2015-05-26 09:49:08','0.45283'),
('477','210','2015-05-26 09:49:58','0.463612'),
('478','210','2015-05-26 09:50:06','0.474394'),
('479','210','2015-05-26 09:50:25','0.493261'),
('480','210','2015-05-26 09:50:33','0.506739'),
('481','210','2015-05-26 09:50:40','0.520216'),
('482','210','2015-05-26 09:50:51','0.533693'),
('483','210','2015-05-26 09:50:59','0.536388'),
('484','210','2015-05-26 09:51:12','0.552561'),
('485','210','2015-05-26 09:51:31','0.568733'),
('486','210','2015-05-26 09:51:45','0.58221'),
('487','210','2015-05-26 09:51:52','0.595687'),
('488','210','2015-05-26 09:52:07','0.609164'),
('489','210','2015-05-26 09:52:19','0.622642'),
('490','210','2015-05-26 09:52:27','0.636119'),
('491','210','2015-05-26 09:52:37','0.6469'),
('492','210','2015-05-26 09:52:48','0.6469'),
('493','210','2015-05-26 09:53:32','0.660377'),
('494','210','2015-05-26 09:55:44','0.660377'),
('495','210','2015-05-26 09:56:22','0.687332'),
('496','210','2015-05-26 09:56:47','0.708895'),
('497','210','2015-05-26 09:57:40','0.708895'),
('498','210','2015-05-26 09:58:14','0.727763'),
('499','210','2015-05-26 09:58:30','0.727763'),
('500','210','2015-05-26 09:59:21','0.727763'),
('741', '376', '2015-11-30 15:15:59', '0'),
('742', '376', '2015-11-30 15:16:42', '0'),
('744', '376', '2015-11-30 15:17:02', '0'),
('746', '376', '2015-11-30 15:17:04', '0'),
('749', '376', '2015-11-30 15:17:30', '0'),
('752', '376', '2015-11-30 15:17:33', '0'),
('756', '376', '2015-11-30 15:18:00', '0'),
('760', '376', '2015-11-30 15:18:04', '0'),
('765', '376', '2015-11-30 15:18:29', '0'),
('770', '376', '2015-11-30 15:18:34', '0'),
('776', '376', '2015-11-30 15:19:13', '0'),
('782', '376', '2015-11-30 15:19:16', '0'),
('789', '376', '2015-11-30 15:19:40', '0'),
('743', '377', '2015-11-30 15:17:02', '0'),
('745', '377', '2015-11-30 15:17:04', '0'),
('748', '377', '2015-11-30 15:17:30', '0'),
('751', '377', '2015-11-30 15:17:33', '0'),
('755', '377', '2015-11-30 15:18:00', '0'),
('759', '377', '2015-11-30 15:18:04', '0'),
('764', '377', '2015-11-30 15:18:29', '0'),
('769', '377', '2015-11-30 15:18:34', '0'),
('775', '377', '2015-11-30 15:19:13', '0'),
('781', '377', '2015-11-30 15:19:16', '0'),
('788', '377', '2015-11-30 15:19:40', '0'),
('747', '378', '2015-11-30 15:17:30', '0'),
('750', '378', '2015-11-30 15:17:33', '0'),
('754', '378', '2015-11-30 15:18:00', '0'),
('758', '378', '2015-11-30 15:18:04', '0'),
('763', '378', '2015-11-30 15:18:29', '0'),
('768', '378', '2015-11-30 15:18:34', '0'),
('774', '378', '2015-11-30 15:19:13', '0'),
('780', '378', '2015-11-30 15:19:16', '0'),
('787', '378', '2015-11-30 15:19:39', '0'),
('753', '379', '2015-11-30 15:18:00', '0'),
('757', '379', '2015-11-30 15:18:04', '0'),
('761', '379', '2015-11-30 15:18:29', '0'),
('766', '379', '2015-11-30 15:18:34', '0'),
('772', '379', '2015-11-30 15:19:13', '0'),
('778', '379', '2015-11-30 15:19:16', '0'),
('785', '379', '2015-11-30 15:19:39', '0'),
('762', '380', '2015-11-30 15:18:29', '0'),
('767', '380', '2015-11-30 15:18:34', '0'),
('773', '380', '2015-11-30 15:19:13', '0'),
('779', '380', '2015-11-30 15:19:16', '0'),
('786', '380', '2015-11-30 15:19:39', '0'),
('771', '381', '2015-11-30 15:19:13', '0'),
('777', '381', '2015-11-30 15:19:16', '0'),
('783', '381', '2015-11-30 15:19:39', '0'),
('784', '382', '2015-11-30 15:19:39', '0');

#Insert the values into client_commitment
INSERT INTO `ecobiz_checklist`.`client_commitment` (`client_commitment_id`, `client_checklist_id`, `action_id`, `commitment_id`, `timestamp`)
VALUES('16167', '210', '5736', '0', '2015-05-26 09:58:14'),
('16165', '210', '5737', '0', '2015-05-26 09:58:14'),
('16164', '210', '5738', '0', '2015-05-26 09:58:14'),
('15847', '210', '5746', '7025', '2015-05-26 09:51:51'),
('15801', '210', '5747', '7026', '2015-05-26 09:51:45'),
('15708', '210', '5749', '7028', '2015-05-26 09:51:12'),
('16150', '210', '5752', '7031', '2015-05-26 09:56:47'),
('16190', '210', '5756', '0', '2015-05-26 09:58:14'),
('15947', '210', '5757', '7036', '2015-05-26 09:52:19'),
('16175', '210', '5760', '0', '2015-05-26 09:58:14'),
('15754', '210', '5762', '7044', '2015-05-26 09:51:31'),
('16161', '210', '5766', '0', '2015-05-26 09:58:14'),
('16162', '210', '5769', '0', '2015-05-26 09:58:14'),
('16186', '210', '5771', '0', '2015-05-26 09:58:14'),
('15396', '210', '5773', '7072', '2015-05-26 09:50:06'),
('16187', '210', '5774', '0', '2015-05-26 09:58:14'),
('15665', '210', '5785', '7083', '2015-05-26 09:50:59'),
('16168', '210', '5787', '0', '2015-05-26 09:58:14'),
('16169', '210', '5790', '0', '2015-05-26 09:58:14'),
('16177', '210', '5791', '0', '2015-05-26 09:58:14'),
('16170', '210', '5803', '0', '2015-05-26 09:58:14'),
('15985', '210', '5805', '7208', '2015-05-26 09:52:27'),
('16180', '210', '5808', '0', '2015-05-26 09:58:14'),
('16171', '210', '5809', '0', '2015-05-26 09:58:14'),
('15502', '210', '5824', '7136', '2015-05-26 09:50:33'),
('16193', '210', '5825', '0', '2015-05-26 09:58:14'),
('16173', '210', '5829', '0', '2015-05-26 09:58:14'),
('15894', '210', '5831', '7144', '2015-05-26 09:52:06'),
('16172', '210', '5834', '0', '2015-05-26 09:58:14'),
('16158', '210', '5840', '0', '2015-05-26 09:58:14'),
('16159', '210', '5841', '0', '2015-05-26 09:58:14'),
('16160', '210', '5842', '0', '2015-05-26 09:58:14'),
('16184', '210', '5844', '0', '2015-05-26 09:58:14'),
('16185', '210', '5845', '0', '2015-05-26 09:58:14'),
('16163', '210', '5846', '0', '2015-05-26 09:58:14'),
('16181', '210', '5848', '0', '2015-05-26 09:58:14'),
('16166', '210', '5856', '0', '2015-05-26 09:58:14'),
('16189', '210', '5858', '0', '2015-05-26 09:58:14'),
('16182', '210', '5859', '0', '2015-05-26 09:58:14'),
('16176', '210', '5873', '0', '2015-05-26 09:58:14'),
('16178', '210', '5874', '0', '2015-05-26 09:58:14'),
('16179', '210', '5875', '0', '2015-05-26 09:58:14'),
('16188', '210', '5894', '0', '2015-05-26 09:58:14'),
('16117', '210', '5899', '7279', '2015-05-26 09:56:22'),
('16191', '210', '5900', '0', '2015-05-26 09:58:14'),
('16080', '210', '5901', '7281', '2015-05-26 09:53:31'),
('16192', '210', '5902', '7282', '2015-05-26 09:58:14'),
('15339', '210', '5904', '7284', '2015-05-26 09:49:58'),
('16029', '210', '5906', '7286', '2015-05-26 09:52:36'),
('16183', '210', '5908', '0', '2015-05-26 09:58:14'),
('16174', '210', '5915', '0', '2015-05-26 09:58:14'),
('15610', '210', '5917', '7307', '2015-05-26 09:50:51'),
('15551', '210', '5922', '7309', '2015-05-26 09:50:40'),
('15449', '210', '5925', '7315', '2015-05-26 09:50:24');


#Insert the values into client_page_note
INSERT INTO `ecobiz_checklist`.`client_page_note` (`client_page_note_id`, `client_checklist_id`, `page_id`, `note`)
VALUES('1160','210','1178',''),
('1161','210','1179',''),
('1162','210','1182',''),
('1163','210','1183',''),
('1164','210','1186',''),
('1165','210','1188',''),
('1166','210','1189',''),
('1167','210','1190',''),
('1168','210','1191',''),
('1169','210','1193',''),
('1170','210','1194',''),
('1171','210','1195',''),
('1172','210','1198',''),
('1173','210','1200',''),
('1174','210','1201',''),
('1175','210','1202',''),
('1176','210','1203',''),
('1177','210','1204',''),
('1178','210','1205',''),
('1179','210','1206',''),
('1180','210','1208',''),
('1181','210','1209',''),
('1182','210','1210',''),
('1183','210','1211',''),
('1184','210','1217',''),
('1185','210','1218',''),
('1186','210','1221',''),
('1187','210','1222',''),
('1188','210','1223',''),
('1189','210','1226',''),
('1190','210','1227',''),
('1191','210','1229',''),
('1192','210','1230',''),
('1193','210','1231',''),
('1194','210','1232',''),
('1195','210','1235',''),
('1196','210','1236',''),
('1197','210','1238',''),
('1199','211','1178',''),
('1200','211','1179',''),
('1201','211','1182',''),
('1202','211','1186',''),
('1203','211','1188',''),
('1204','211','1189',''),
('1205','211','1190',''),
('1206','211','1191',''),
('1207','211','1193',''),
('1208','211','1194',''),
('1209','211','1195',''),
('1210','211','1196',''),
('1211','211','1197',''),
('1212','211','1198',''),
('1213','211','1201',''),
('1214','211','1202',''),
('1215','211','1203',''),
('1217','211','1204','');


#Insert the values into the client_result page
INSERT INTO `ecobiz_checklist`.`client_result` (`client_result_id`, `client_checklist_id`, `question_id`, `answer_id`, `timestamp`, `arbitrary_value`)
VALUES('8207','210','6958','14830','2015-05-25 14:24:44',''),
('8208','210','6798','14631','2015-05-25 14:24:44','1024'),
('8209','210','7001','14988','2015-05-25 14:24:44',''),
('8210','210','6908','14709','2015-05-25 14:24:49',''),
('8211','210','6894','14681','2015-05-25 14:24:56',''),
('8212','210','6909','14712','2015-05-25 14:24:56',''),
('8213','210','6983','14896','2015-05-25 14:25:07',''),
('8214','210','6984','14902','2015-05-25 14:25:07',''),
('8215','210','6985','14908','2015-05-25 14:25:07',''),
('8216','210','6986','14914','2015-05-25 14:25:07',''),
('8217','210','6987','14920','2015-05-25 14:25:07',''),
('8218','210','6988','14924','2015-05-25 14:25:07',''),
('8219','210','6989','14928','2015-05-25 14:25:07',''),
('8220','210','6990','14932','2015-05-25 14:25:07',''),
('8221','210','6991','14936','2015-05-25 14:25:07',''),
('8222','210','6992','14941','2015-05-25 14:25:18',''),
('8223','210','6993','14947','2015-05-25 14:25:18',''),
('8224','210','6994','14953','2015-05-25 14:25:18',''),
('8225','210','6995','14957','2015-05-25 14:25:18',''),
('8226','210','6996','14963','2015-05-25 14:25:18',''),
('8227','210','6997','14970','2015-05-25 14:25:18',''),
('8228','210','6998','14974','2015-05-25 14:25:18',''),
('8229','210','7010','15017','2015-05-25 14:25:34',''),
('8230','210','6906','14704','2015-05-25 14:25:34',''),
('8231','210','6818','14511','2015-05-25 14:25:34','50'),
('8232','210','6890','14669','2015-05-25 14:25:34',''),
('8233','210','6970','14977','2015-05-25 14:25:34',''),
('8234','210','6893','14702','2015-05-25 14:25:34',''),
('8235','210','6819','14513','2015-05-25 14:25:34',''),
('8236','210','6965','14850','2015-05-25 14:25:40',''),
('8237','210','6902','14695','2015-05-25 14:25:40',''),
('8238','210','6820','14515','2015-05-25 14:25:54',''),
('8239','210','6963','14844','2015-05-25 14:25:54',''),
('8240','210','6964','14847','2015-05-25 14:25:54',''),
('8241','210','6905','14701','2015-05-25 14:25:54',''),
('8242','210','6844','14568','2015-05-25 14:25:54',''),
('8243','210','6821','14517','2015-05-25 14:26:05',''),
('8244','210','6831','14539','2015-05-25 14:26:05',''),
('8245','210','6822','14518','2015-05-25 14:26:05',''),
('8246','210','6873','14635','2015-05-25 14:26:20',''),
('8247','210','6875','14640','2015-05-25 14:26:20',''),
('8248','210','6913','14731','2015-05-25 14:26:20',''),
('8249','210','6912','14725','2015-05-25 14:26:20',''),
('8250','210','6874','14637','2015-05-25 14:26:20',''),
('8251','210','6876','14642','2015-05-25 14:26:20','51'),
('8252','210','6877','14644','2015-05-25 14:26:20',''),
('8253','210','6864','14629','2015-05-25 14:26:54',''),
('8254','210','7003','14989','2015-05-25 14:26:54',''),
('8255','210','7003','14996','2015-05-25 14:26:54',''),
('8256','210','7003','14995','2015-05-25 14:26:54',''),
('8257','210','7003','14992','2015-05-25 14:26:54',''),
('8258','210','7004','15000','2015-05-25 14:26:54',''),
('8259','210','7005','15005','2015-05-25 14:26:54',''),
('8260','210','6850','14583','2015-05-25 14:26:54',''),
('8261','210','7007','15009','2015-05-25 14:26:54',''),
('8262','210','7006','15007','2015-05-25 14:28:24',''),
('8263','210','7009','15013','2015-05-25 14:28:24',''),
('8264','210','7008','15012','2015-05-25 14:28:24',''),
('8265','210','6828','14531','2015-05-25 14:28:30',''),
('8266','210','6829','14535','2015-05-25 14:28:30',''),
('8267','210','6817','14509','2015-05-25 14:28:36',''),
('8268','210','6872','14633','2015-05-25 14:28:36',''),
('8269','210','6811','14498','2015-05-25 14:28:36',''),
('8270','210','6897','14686','2015-05-25 14:28:49','1024'),
('8271','210','6898','14717','2015-05-25 14:28:49',''),
('8272','210','6899','14689','2015-05-25 14:28:49',''),
('8273','210','6900','14691','2015-05-25 14:28:49',''),
('8274','210','6848','14578','2015-05-25 14:28:54',''),
('8275','210','6856','14595','2015-05-25 14:28:54',''),
('8276','210','6953','14814','2015-05-25 14:29:03',''),
('8277','210','6895','14683','2015-05-25 14:29:16',''),
('8278','210','7013','15042','2015-05-25 14:29:16','63'),
('8279','210','6802','14479','2015-05-25 14:29:16','11'),
('8280','210','6799','14477','2015-05-25 14:29:16','38'),
('8281','210','6800','14478','2015-05-25 14:29:16','89'),
('8282','210','6804','14483','2015-05-25 14:29:24',''),
('8283','210','6805','14486','2015-05-25 14:29:24',''),
('8284','210','6806','14678','2015-05-25 14:29:24','53'),
('8285','210','6808','14489','2015-05-25 14:29:30',''),
('8286','210','6807','14488','2015-05-25 14:29:30',''),
('8287','210','6880','14650','2015-05-25 14:29:42',''),
('8288','210','6879','14648','2015-05-25 14:29:42',''),
('8289','210','6916','14734','2015-05-25 14:29:42',''),
('8290','210','6830','14537','2015-05-25 14:29:42',''),
('8291','210','6962','14842','2015-05-25 14:29:42',''),
('8292','210','6932','14760','2015-05-25 14:29:42',''),
('8293','210','6851','14585','2015-05-25 14:30:59','44'),
('8294','210','6826','14527','2015-05-25 14:30:59',''),
('8295','210','6852','14586','2015-05-25 14:30:59',''),
('8296','210','6853','14588','2015-05-25 14:30:59',''),
('8297','210','6867','14614','2015-05-25 14:30:59',''),
('8298','210','6860','14602','2015-05-25 14:31:05',''),
('8299','210','6911','14722','2015-05-25 14:31:05',''),
('8300','210','6883','14654','2015-05-25 14:31:11',''),
('8301','210','6884','14657','2015-05-25 14:31:11',''),
('8302','210','6868','14618','2015-05-25 14:31:17',''),
('8303','210','6854','14591','2015-05-25 14:31:17',''),
('8304','210','6809','14491','2015-05-25 14:31:17',''),
('8305','210','6931','14762','2015-05-25 14:34:58',''),
('8306','210','6933','14765','2015-05-25 14:34:58',''),
('8307','210','6934','14766','2015-05-25 14:34:58',''),
('8308','210','6935','14770','2015-05-25 14:34:58',''),
('8309','210','6936','14772','2015-05-25 14:35:03',''),
('8310','210','6969','14862','2015-05-25 14:35:03',''),
('8311','210','7012','15037','2015-05-25 14:35:09',''),
('8312','210','7012','15036','2015-05-25 14:35:09',''),
('8313','210','7012','15034','2015-05-25 14:35:09',''),
('8314','210','6887','14662','2015-05-25 14:35:13',''),
('8315','210','6889','14667','2015-05-25 14:35:18',''),
('8316','210','6959','14837','2015-05-25 14:35:55',''),
('8317','210','6858','14598','2015-05-25 14:36:00',''),
('8318','210','6859','14599','2015-05-25 14:36:00',''),
('8319','210','6816','14508','2015-05-25 14:36:05',''),
('8320','210','6975','14871','2015-05-25 14:36:16',''),
('8321','210','6976','14875','2015-05-25 14:36:16',''),
('8322','210','6979','14884','2015-05-25 14:36:16',''),
('8323','210','6980','14887','2015-05-25 14:36:16',''),
('8324','210','6914','14727','2015-05-25 14:36:16',''),
('8325','210','6915','14729','2015-05-25 14:36:16',''),
('8326','210','6977','14877','2015-05-25 14:37:09',''),
('8327','210','6978','14881','2015-05-25 14:37:09',''),
('8328','210','6982','14894','2015-05-25 14:37:09','None'),
('8329','210','6982','14895','2015-05-25 14:37:09','None'),
('8330','210','6843','14565','2015-05-25 14:37:26',''),
('8331','210','6835','14550','2015-05-25 14:37:26',''),
('8332','210','6957','14829','2015-05-25 14:37:26',''),
('8333','210','6803','14480','2015-05-25 14:37:26',''),
('8334','210','6801','14544','2015-05-25 14:37:26','53'),
('8335','210','6825','14576','2015-05-25 14:37:26','27'),
('8336','210','6910','14714','2015-05-25 14:37:26',''),
('8337','210','6833','14545','2015-05-25 14:37:32',''),
('8338','210','6834','14548','2015-05-25 14:37:32',''),
('8339','210','6832','14543','2015-05-25 14:37:38',''),
('8340','210','6827','14529','2015-05-25 14:37:38',''),
('8341','210','6971','14864','2015-05-25 14:37:54',''),
('8342','210','6972','14866','2015-05-25 14:37:54',''),
('8343','210','6973','14868','2015-05-25 14:37:54',''),
('8344','210','6974','14870','2015-05-25 14:37:54',''),
('8345','210','6896','14685','2015-05-25 14:37:54',''),
('8346','211','6958','14835','2015-05-26 10:09:16',''),
('8347','211','6798','14631','2015-05-26 10:09:16','512'),
('8348','211','7001','14988','2015-05-26 10:09:16',''),
('8349','211','6908','14710','2015-05-26 10:09:21',''),
('8350','211','6983','14896','2015-05-26 10:09:40',''),
('8351','211','6984','14902','2015-05-26 10:09:40',''),
('8352','211','6985','14907','2015-05-26 10:09:40',''),
('8353','211','6986','14913','2015-05-26 10:09:40',''),
('8354','211','6987','14918','2015-05-26 10:09:40',''),
('8355','211','6988','14924','2015-05-26 10:09:40',''),
('8356','211','6989','14929','2015-05-26 10:09:40',''),
('8357','211','6990','14935','2015-05-26 10:09:40',''),
('8358','211','6991','14940','2015-05-26 10:09:40',''),
('8359','211','6992','14941','2015-05-26 10:09:53',''),
('8360','211','6993','14950','2015-05-26 10:09:53',''),
('8361','211','6994','14954','2015-05-26 10:09:53',''),
('8362','211','6995','14957','2015-05-26 10:09:53',''),
('8363','211','6996','14963','2015-05-26 10:09:53',''),
('8364','211','6997','14967','2015-05-26 10:09:53',''),
('8365','211','6998','14973','2015-05-26 10:09:53',''),
('8366','211','7010','15016','2015-05-26 10:10:10',''),
('8367','211','6906','14705','2015-05-26 10:10:10',''),
('8368','211','6818','14511','2015-05-26 10:10:10','60'),
('8369','211','6890','14669','2015-05-26 10:10:10',''),
('8370','211','6970','14977','2015-05-26 10:10:10',''),
('8371','211','6893','14702','2015-05-26 10:10:10',''),
('8372','211','6819','14512','2015-05-26 10:10:10',''),
('8373','211','6939','14779','2015-05-26 10:10:10',''),
('8374','211','6965','14850','2015-05-26 10:10:15',''),
('8375','211','6902','14694','2015-05-26 10:10:15',''),
('8376','211','6820','14514','2015-05-26 10:10:46',''),
('8377','211','6901','14693','2015-05-26 10:10:46','512 Gallons'),
('8378','211','6903','14696','2015-05-26 10:10:46',''),
('8379','211','6904','14699','2015-05-26 10:10:46',''),
('8380','211','6963','14844','2015-05-26 10:10:46',''),
('8381','211','6964','14848','2015-05-26 10:10:46',''),
('8382','211','6905','14700','2015-05-26 10:10:46',''),
('8383','211','6844','14568','2015-05-26 10:10:46',''),
('8384','211','6821','14516','2015-05-26 10:10:53',''),
('8385','211','6822','14519','2015-05-26 10:10:53',''),
('8386','211','6873','14635','2015-05-26 10:11:06',''),
('8387','211','6875','14640','2015-05-26 10:11:06',''),
('8388','211','6913','14731','2015-05-26 10:11:06',''),
('8389','211','6912','14724','2015-05-26 10:11:06',''),
('8390','211','6874','14637','2015-05-26 10:11:06',''),
('8391','211','6876','14642','2015-05-26 10:11:06','52'),
('8392','211','6877','14644','2015-05-26 10:11:06',''),
('8393','211','6864','14629','2015-05-26 10:11:24',''),
('8394','211','7003','14995','2015-05-26 10:11:24',''),
('8395','211','7003','14993','2015-05-26 10:11:24',''),
('8396','211','7003','14991','2015-05-26 10:11:24',''),
('8397','211','7003','14990','2015-05-26 10:11:24',''),
('8398','211','7004','15000','2015-05-26 10:11:24',''),
('8399','211','7005','15003','2015-05-26 10:11:24',''),
('8400','211','7005','15004','2015-05-26 10:11:24',''),
('8401','211','6850','14583','2015-05-26 10:11:24',''),
('8402','211','7007','15009','2015-05-26 10:11:24',''),
('8403','211','7006','15008','2015-05-26 10:11:32',''),
('8404','211','7009','15013','2015-05-26 10:11:32',''),
('8405','211','7008','15011','2015-05-26 10:11:32',''),
('8406','211','6828','14532','2015-05-26 10:11:38',''),
('8407','211','6829','14534','2015-05-26 10:11:38',''),
('8408','211','6845','14569','2015-05-26 10:11:47',''),
('8409','211','6846','14572','2015-05-26 10:11:47',''),
('8410','211','6892','14679','2015-05-26 10:11:47','69'),
('8411','211','6847','14573','2015-05-26 10:11:52',''),
('8412','211','6817','14510','2015-05-26 10:12:00',''),
('8413','211','6872','14632','2015-05-26 10:12:00',''),
('8414','211','6811','14498','2015-05-26 10:12:00',''),
('8415','211','6848','14577','2015-05-26 10:12:06',''),
('8416','211','6856','14595','2015-05-26 10:12:06',''),
('8417','211','6953','14813','2015-05-26 10:12:10',''),
('8418','211','6895','14682','2015-05-26 10:12:30',''),
('8419','211','7013','15042','2015-05-26 10:12:30','44'),
('8420','211','6802','14479','2015-05-26 10:12:30','79'),
('8421','211','6799','14477','2015-05-26 10:12:30','24'),
('8422','211','6800','14478','2015-05-26 10:12:30','85'),
('8425','211','6804','14483','2015-05-26 10:12:44',''),
('8426','211','6806','14678','2015-05-26 10:12:44','0'),
('41636', '376', '7018', '15058', '2015-11-30 15:15:59', '2015-01-01'),
('41637', '376', '7017', '15050', '2015-11-30 15:15:59', ''),
('41638', '377', '7018', '15058', '2015-11-30 15:17:02', '2015-02-01'),
('41639', '377', '7017', '15050', '2015-11-30 15:17:02', ''),
('41640', '378', '7018', '15058', '2015-11-30 15:17:30', '2015-03-01'),
('41641', '378', '7017', '15050', '2015-11-30 15:17:30', ''),
('41642', '379', '7018', '15058', '2015-11-30 15:18:00', '2015-04-01'),
('41643', '379', '7017', '15050', '2015-11-30 15:18:00', ''),
('41644', '380', '7018', '15058', '2015-11-30 15:18:29', '2015-05-01'),
('41645', '380', '7017', '15050', '2015-11-30 15:18:29', ''),
('41646', '381', '7018', '15058', '2015-11-30 15:19:13', '2015-06-01'),
('41647', '381', '7017', '15050', '2015-11-30 15:19:13', ''),
('41648', '382', '7018', '15058', '2015-11-30 15:19:39', '2015-07-01'),
('41649', '382', '7017', '15050', '2015-11-30 15:19:39', '');

#Inset into the client metric database
INSERT INTO `ecobiz_checklist`.`client_metric` (`client_metric_id`, `client_checklist_id`, `metric_id`, `metric_unit_type_id`, `timestamp`, `value`, `months`)
VALUES ('94', '376', '568', '4', '2015-11-30 15:19:39', '1000', '1'),
('95', '376', '569', '4', '2015-11-30 15:19:39', '1000', '1'),
('96', '376', '570', '4', '2015-11-30 15:19:39', '1000', '1'),
('97', '376', '571', '1', '2015-11-30 15:19:39', '1000', '1'),
('98', '376', '572', '4', '2015-11-30 15:19:39', '1000', '1'),
('99', '376', '573', '1', '2015-11-30 15:19:39', '1000', '1'),
('100', '376', '574', '14', '2015-11-30 15:19:39', '1000', '1'),
('101', '376', '575', '14', '2015-11-30 15:19:39', '1000', '1'),
('102', '376', '576', '14', '2015-11-30 15:19:39', '1000', '1'),
('103', '376', '577', '14', '2015-11-30 15:19:39', '1000', '1'),
('104', '376', '578', '14', '2015-11-30 15:19:39', '1000', '1'),
('105', '376', '579', '14', '2015-11-30 15:19:39', '1000', '1'),
('106', '377', '568', '4', '2015-11-30 15:19:39', '1200', '1'),
('107', '377', '569', '4', '2015-11-30 15:19:39', '1200', '1'),
('108', '377', '570', '4', '2015-11-30 15:19:39', '1200', '1'),
('109', '377', '571', '1', '2015-11-30 15:19:39', '1200', '1'),
('110', '377', '572', '4', '2015-11-30 15:19:39', '1200', '1'),
('111', '377', '573', '1', '2015-11-30 15:19:39', '1200', '1'),
('112', '377', '574', '14', '2015-11-30 15:19:39', '1200', '1'),
('113', '377', '575', '14', '2015-11-30 15:19:39', '1200', '1'),
('114', '377', '576', '14', '2015-11-30 15:19:39', '1200', '1'),
('115', '377', '577', '14', '2015-11-30 15:19:39', '1200', '1'),
('116', '377', '578', '14', '2015-11-30 15:19:39', '1200', '1'),
('117', '377', '579', '14', '2015-11-30 15:19:39', '1200', '1'),
('118', '378', '568', '4', '2015-11-30 15:19:39', '800', '1'),
('119', '378', '569', '4', '2015-11-30 15:19:39', '800', '1'),
('120', '378', '570', '4', '2015-11-30 15:19:39', '800', '1'),
('121', '378', '571', '1', '2015-11-30 15:19:39', '800', '1'),
('122', '378', '572', '4', '2015-11-30 15:19:39', '800', '1'),
('123', '378', '573', '1', '2015-11-30 15:19:39', '800', '1'),
('124', '378', '574', '14', '2015-11-30 15:19:39', '800', '1'),
('125', '378', '575', '14', '2015-11-30 15:19:39', '800', '1'),
('126', '378', '576', '14', '2015-11-30 15:19:39', '800', '1'),
('127', '378', '577', '14', '2015-11-30 15:19:39', '800', '1'),
('128', '378', '578', '14', '2015-11-30 15:19:39', '800', '1'),
('129', '378', '579', '14', '2015-11-30 15:19:39', '800', '1'),
('130', '379', '568', '4', '2015-11-30 15:19:39', '1100', '1'),
('131', '379', '569', '4', '2015-11-30 15:19:39', '1100', '1'),
('132', '379', '570', '4', '2015-11-30 15:19:39', '1100', '1'),
('133', '379', '571', '1', '2015-11-30 15:19:39', '1100', '1'),
('134', '379', '572', '4', '2015-11-30 15:19:39', '1100', '1'),
('135', '379', '573', '1', '2015-11-30 15:19:39', '1100', '1'),
('136', '379', '574', '14', '2015-11-30 15:19:39', '1100', '1'),
('137', '379', '575', '14', '2015-11-30 15:19:39', '1100', '1'),
('138', '379', '576', '14', '2015-11-30 15:19:39', '1100', '1'),
('139', '379', '577', '14', '2015-11-30 15:19:39', '1100', '1'),
('140', '379', '578', '14', '2015-11-30 15:19:39', '1100', '1'),
('141', '379', '579', '14', '2015-11-30 15:19:39', '1100', '1'),
('142', '380', '568', '4', '2015-11-30 15:19:39', '1000', '1'),
('143', '380', '569', '4', '2015-11-30 15:19:39', '1000', '1'),
('144', '380', '570', '4', '2015-11-30 15:19:39', '1000', '1'),
('145', '380', '571', '1', '2015-11-30 15:19:39', '1000', '1'),
('146', '380', '572', '4', '2015-11-30 15:19:39', '1000', '1'),
('147', '380', '573', '1', '2015-11-30 15:19:39', '1000', '1'),
('148', '380', '574', '14', '2015-11-30 15:19:39', '1000', '1'),
('149', '380', '575', '14', '2015-11-30 15:19:39', '1000', '1'),
('150', '380', '576', '14', '2015-11-30 15:19:39', '1000', '1'),
('151', '380', '577', '14', '2015-11-30 15:19:39', '1000', '1'),
('152', '380', '578', '14', '2015-11-30 15:19:39', '1000', '1'),
('153', '380', '579', '14', '2015-11-30 15:19:39', '1000', '1'),
('154', '381', '568', '4', '2015-11-30 15:19:39', '900', '1'),
('155', '381', '569', '4', '2015-11-30 15:19:39', '900', '1'),
('156', '381', '570', '4', '2015-11-30 15:19:39', '900', '1'),
('157', '381', '571', '1', '2015-11-30 15:19:39', '900', '1'),
('158', '381', '572', '4', '2015-11-30 15:19:39', '900', '1'),
('159', '381', '573', '1', '2015-11-30 15:19:39', '900', '1'),
('160', '381', '574', '14', '2015-11-30 15:19:39', '900', '1'),
('161', '381', '575', '14', '2015-11-30 15:19:39', '900', '1'),
('162', '381', '576', '14', '2015-11-30 15:19:39', '900', '1'),
('163', '381', '577', '14', '2015-11-30 15:19:39', '900', '1'),
('164', '381', '578', '14', '2015-11-30 15:19:39', '900', '1'),
('165', '381', '579', '14', '2015-11-30 15:19:39', '900', '1'),
('166', '382', '568', '4', '2015-11-30 15:19:39', '700', '1'),
('167', '382', '569', '4', '2015-11-30 15:19:39', '700', '1'),
('168', '382', '570', '4', '2015-11-30 15:19:39', '700', '1'),
('169', '382', '571', '1', '2015-11-30 15:19:39', '700', '1'),
('170', '382', '572', '4', '2015-11-30 15:19:39', '700', '1'),
('171', '382', '573', '1', '2015-11-30 15:19:39', '700', '1'),
('172', '382', '574', '14', '2015-11-30 15:19:39', '700', '1'),
('173', '382', '575', '14', '2015-11-30 15:19:39', '700', '1'),
('174', '382', '576', '14', '2015-11-30 15:19:39', '700', '1'),
('175', '382', '577', '14', '2015-11-30 15:19:39', '700', '1'),
('176', '382', '578', '14', '2015-11-30 15:19:39', '700', '1'),
('177', '382', '579', '14', '2015-11-30 15:19:39', '700', '1');

###### Finish Reset of EBC CSR Demo Account ######